<NotepadPlus>
    <Session activeView="0">
        <mainView activeIndex="13">
            <File firstVisibleLine="622" xOffset="0" scrollWidth="1666" startPos="14729" endPos="14729" selMode="0" lang="Shadow" encoding="-1" filename="F:\_jsdata_\lib\stuff3.shd" backupFilePath="" originalFileLastModifTimestamp="1609791974" mapFirstVisibleDisplayLine="-1" mapFirstVisibleDocLine="-1" mapLastVisibleDocLine="-1" mapNbLine="-1" mapHigherPos="-1" mapWidth="-1" mapHeight="-1" mapKByteInDoc="115" mapWrapIndentMode="-1" mapIsWrap="no" />
            <File firstVisibleLine="1100" xOffset="0" scrollWidth="1414" startPos="23873" endPos="23873" selMode="0" lang="Shadow" encoding="-1" filename="F:\_gmdata_\stuff-gm.shd" backupFilePath="" originalFileLastModifTimestamp="1263449255" mapFirstVisibleDisplayLine="-1" mapFirstVisibleDocLine="-1" mapLastVisibleDocLine="-1" mapNbLine="-1" mapHigherPos="-1" mapWidth="-1" mapHeight="-1" mapKByteInDoc="16777217" mapWrapIndentMode="-1" mapIsWrap="no" />
            <File firstVisibleLine="0" xOffset="0" scrollWidth="1274" startPos="214" endPos="214" selMode="0" lang="Shadow" encoding="-1" filename="F:\Working GM (local)\DeepMagicMod\src\Stats\- oStats.shd" backupFilePath="" originalFileLastModifTimestamp="1263452890" mapFirstVisibleDisplayLine="-1" mapFirstVisibleDocLine="-1" mapLastVisibleDocLine="-1" mapNbLine="-1" mapHigherPos="-1" mapWidth="-1" mapHeight="-1" mapKByteInDoc="35652353" mapWrapIndentMode="-1" mapIsWrap="no" />
            <File firstVisibleLine="0" xOffset="0" scrollWidth="1792" startPos="465" endPos="465" selMode="0" lang="Shadow" encoding="-1" filename="F:\Working GM (local)\DeepMagicMod\src\- oChar.shd" backupFilePath="" originalFileLastModifTimestamp="1263477012" mapFirstVisibleDisplayLine="-1" mapFirstVisibleDocLine="-1" mapLastVisibleDocLine="-1" mapNbLine="-1" mapHigherPos="-1" mapWidth="-1" mapHeight="-1" mapKByteInDoc="48" mapWrapIndentMode="-1" mapIsWrap="no" />
            <File firstVisibleLine="24" xOffset="0" scrollWidth="1260" startPos="825" endPos="825" selMode="0" lang="Shadow" encoding="-1" filename="F:\Working GM (local)\DeepMagicMod\src\--Main.shd" backupFilePath="" originalFileLastModifTimestamp="1263478056" mapFirstVisibleDisplayLine="-1" mapFirstVisibleDocLine="-1" mapLastVisibleDocLine="-1" mapNbLine="-1" mapHigherPos="-1" mapWidth="-1" mapHeight="-1" mapKByteInDoc="0" mapWrapIndentMode="-1" mapIsWrap="no" />
            <File firstVisibleLine="30" xOffset="0" scrollWidth="854" startPos="943" endPos="943" selMode="0" lang="Shadow" encoding="-1" filename="F:\Working GM (local)\DeepMagicMod\src\- spells.shd" backupFilePath="" originalFileLastModifTimestamp="1263418997" mapFirstVisibleDisplayLine="-1" mapFirstVisibleDocLine="-1" mapLastVisibleDocLine="-1" mapNbLine="-1" mapHigherPos="-1" mapWidth="-1" mapHeight="-1" mapKByteInDoc="16777217" mapWrapIndentMode="-1" mapIsWrap="no" />
            <File firstVisibleLine="9" xOffset="0" scrollWidth="1850" startPos="305" endPos="305" selMode="0" lang="Shadow" encoding="-1" filename="F:\Working GM (local)\DeepMagicMod\src\Enemies\oEyeBall.shd" backupFilePath="" originalFileLastModifTimestamp="1263460304" mapFirstVisibleDisplayLine="-1" mapFirstVisibleDocLine="-1" mapLastVisibleDocLine="-1" mapNbLine="-1" mapHigherPos="-1" mapWidth="-1" mapHeight="-1" mapKByteInDoc="16777217" mapWrapIndentMode="-1" mapIsWrap="no" />
            <File firstVisibleLine="0" xOffset="0" scrollWidth="882" startPos="472" endPos="472" selMode="0" lang="Shadow" encoding="-1" filename="F:\Working GM (local)\DeepMagicMod\src\Enemies\oEnemy.shd" backupFilePath="" originalFileLastModifTimestamp="1263460288" mapFirstVisibleDisplayLine="-1" mapFirstVisibleDocLine="-1" mapLastVisibleDocLine="-1" mapNbLine="-1" mapHigherPos="-1" mapWidth="-1" mapHeight="-1" mapKByteInDoc="16777217" mapWrapIndentMode="-1" mapIsWrap="no" />
            <File firstVisibleLine="24" xOffset="0" scrollWidth="1358" startPos="1009" endPos="1009" selMode="0" lang="Shadow" encoding="-1" filename="F:\Working GM (local)\DeepMagicMod\src\Spells\oLightSpell.shd" backupFilePath="" originalFileLastModifTimestamp="1263478041" mapFirstVisibleDisplayLine="-1" mapFirstVisibleDocLine="-1" mapLastVisibleDocLine="-1" mapNbLine="-1" mapHigherPos="-1" mapWidth="-1" mapHeight="-1" mapKByteInDoc="16777217" mapWrapIndentMode="-1" mapIsWrap="no" />
            <File firstVisibleLine="0" xOffset="0" scrollWidth="1162" startPos="146" endPos="146" selMode="0" lang="Shadow" encoding="-1" filename="F:\Working GM (local)\DeepMagicMod\src\Spells\oGoldPunchSpell.shd" backupFilePath="" originalFileLastModifTimestamp="1263460833" mapFirstVisibleDisplayLine="-1" mapFirstVisibleDocLine="-1" mapLastVisibleDocLine="-1" mapNbLine="-1" mapHigherPos="-1" mapWidth="-1" mapHeight="-1" mapKByteInDoc="16777217" mapWrapIndentMode="-1" mapIsWrap="no" />
            <File firstVisibleLine="0" xOffset="0" scrollWidth="910" startPos="0" endPos="0" selMode="0" lang="Shadow" encoding="-1" filename="F:\Working GM (local)\DeepMagicMod\src\Effects\oFXWideBeam.shd" backupFilePath="" originalFileLastModifTimestamp="1263460545" mapFirstVisibleDisplayLine="-1" mapFirstVisibleDocLine="-1" mapLastVisibleDocLine="-1" mapNbLine="-1" mapHigherPos="-1" mapWidth="-1" mapHeight="-1" mapKByteInDoc="512" mapWrapIndentMode="-1" mapIsWrap="no" />
            <File firstVisibleLine="0" xOffset="0" scrollWidth="1162" startPos="494" endPos="494" selMode="0" lang="Shadow" encoding="-1" filename="F:\Working GM (local)\DeepMagicMod\src\BGM.shd" backupFilePath="" originalFileLastModifTimestamp="1263473659" mapFirstVisibleDisplayLine="-1" mapFirstVisibleDocLine="-1" mapLastVisibleDocLine="-1" mapNbLine="-1" mapHigherPos="-1" mapWidth="-1" mapHeight="-1" mapKByteInDoc="16777217" mapWrapIndentMode="-1" mapIsWrap="no" />
            <File firstVisibleLine="0" xOffset="0" scrollWidth="1596" startPos="367" endPos="367" selMode="0" lang="Shadow" encoding="-1" filename="F:\Working GM (local)\DeepMagicMod\src\GUI.shd" backupFilePath="" originalFileLastModifTimestamp="1263477559" mapFirstVisibleDisplayLine="-1" mapFirstVisibleDocLine="-1" mapLastVisibleDocLine="-1" mapNbLine="-1" mapHigherPos="-1" mapWidth="-1" mapHeight="-1" mapKByteInDoc="16777217" mapWrapIndentMode="-1" mapIsWrap="no" />
            <File firstVisibleLine="24" xOffset="0" scrollWidth="1822" startPos="936" endPos="936" selMode="0" lang="Shadow" encoding="-1" filename="F:\Working GM (local)\DeepMagicMod\src\Darkness.shd" backupFilePath="" originalFileLastModifTimestamp="1263479813" mapFirstVisibleDisplayLine="-1" mapFirstVisibleDocLine="-1" mapLastVisibleDocLine="-1" mapNbLine="-1" mapHigherPos="-1" mapWidth="-1" mapHeight="-1" mapKByteInDoc="16777217" mapWrapIndentMode="-1" mapIsWrap="no" />
            <File firstVisibleLine="266" xOffset="0" scrollWidth="994" startPos="3273" endPos="3273" selMode="0" lang="Shadow" encoding="-1" filename="F:\_zGMCODE\Libraries\docs.shd" backupFilePath="" originalFileLastModifTimestamp="1534558541" mapFirstVisibleDisplayLine="-1" mapFirstVisibleDocLine="-1" mapLastVisibleDocLine="-1" mapNbLine="-1" mapHigherPos="-1" mapWidth="-1" mapHeight="-1" mapKByteInDoc="512" mapWrapIndentMode="-1" mapIsWrap="no" />
            <File firstVisibleLine="0" xOffset="0" scrollWidth="644" startPos="208" endPos="208" selMode="0" lang="Shadow" encoding="-1" filename="F:\_gmdata_\common\Files.shd" backupFilePath="" originalFileLastModifTimestamp="1609547253" mapFirstVisibleDisplayLine="-1" mapFirstVisibleDocLine="-1" mapLastVisibleDocLine="-1" mapNbLine="-1" mapHigherPos="-1" mapWidth="-1" mapHeight="-1" mapKByteInDoc="512" mapWrapIndentMode="-1" mapIsWrap="no" />
        </mainView>
        <subView activeIndex="0" />
    </Session>
</NotepadPlus>
