<NotepadPlus>
    <InternalCommands>
        <Shortcut id="50001" Ctrl="no" Alt="no" Shift="no" Key="0" />
        <Shortcut id="45002" Ctrl="yes" Alt="no" Shift="no" Key="13" />
    </InternalCommands>
    <Macros>
        <Macro name="Trim Trailing Space and Save" Ctrl="no" Alt="yes" Shift="yes" Key="83">
            <Action type="2" message="0" wParam="42024" lParam="0" sParam="" />
            <Action type="2" message="0" wParam="41006" lParam="0" sParam="" />
        </Macro>
        <Macro name="Space2Tab" Ctrl="yes" Alt="yes" Shift="no" Key="48">
            <Action type="0" message="2025" wParam="807" lParam="0" sParam="" />
            <Action type="2" message="0" wParam="42054" lParam="0" sParam="" />
        </Macro>
        <Macro name="Tab2Space" Ctrl="yes" Alt="yes" Shift="no" Key="187">
            <Action type="0" message="2013" wParam="0" lParam="0" sParam="" />
            <Action type="0" message="2025" wParam="1" lParam="0" sParam="" />
            <Action type="2" message="0" wParam="42046" lParam="0" sParam="" />
        </Macro>
        <Macro name="List Item" Ctrl="yes" Alt="no" Shift="yes" Key="186">
            <Action type="0" message="2179" wParam="0" lParam="0" sParam="" />
            <Action type="0" message="2310" wParam="0" lParam="0" sParam="" />
            <Action type="0" message="2180" wParam="0" lParam="0" sParam="" />
            <Action type="1" message="2170" wParam="0" lParam="0" sParam="," />
            <Action type="0" message="2310" wParam="0" lParam="0" sParam="" />
            <Action type="0" message="2310" wParam="0" lParam="0" sParam="" />
            <Action type="0" message="2180" wParam="0" lParam="0" sParam="" />
            <Action type="1" message="2170" wParam="0" lParam="0" sParam=")" />
        </Macro>
        <Macro name="PAD" Ctrl="yes" Alt="no" Shift="yes" Key="222">
            <Action type="1" message="2170" wParam="0" lParam="0" sParam="d" />
            <Action type="1" message="2170" wParam="0" lParam="0" sParam="s" />
            <Action type="1" message="2170" wParam="0" lParam="0" sParam="_" />
            <Action type="1" message="2170" wParam="0" lParam="0" sParam="l" />
            <Action type="1" message="2170" wParam="0" lParam="0" sParam="i" />
            <Action type="1" message="2170" wParam="0" lParam="0" sParam="s" />
            <Action type="1" message="2170" wParam="0" lParam="0" sParam="t" />
            <Action type="1" message="2170" wParam="0" lParam="0" sParam="_" />
            <Action type="1" message="2170" wParam="0" lParam="0" sParam="d" />
            <Action type="0" message="2326" wParam="0" lParam="0" sParam="" />
            <Action type="1" message="2170" wParam="0" lParam="0" sParam="a" />
            <Action type="1" message="2170" wParam="0" lParam="0" sParam="d" />
            <Action type="1" message="2170" wParam="0" lParam="0" sParam="d" />
            <Action type="1" message="2170" wParam="0" lParam="0" sParam="(" />
            <Action type="1" message="2170" wParam="0" lParam="0" sParam=" " />
            <Action type="0" message="2310" wParam="0" lParam="0" sParam="" />
            <Action type="0" message="2180" wParam="0" lParam="0" sParam="" />
            <Action type="0" message="2180" wParam="0" lParam="0" sParam="" />
            <Action type="0" message="2180" wParam="0" lParam="0" sParam="" />
            <Action type="0" message="2180" wParam="0" lParam="0" sParam="" />
            <Action type="0" message="2180" wParam="0" lParam="0" sParam="" />
            <Action type="1" message="2170" wParam="0" lParam="0" sParam="," />
            <Action type="0" message="2310" wParam="0" lParam="0" sParam="" />
            <Action type="0" message="2310" wParam="0" lParam="0" sParam="" />
        </Macro>
        <Macro name="Size" Ctrl="yes" Alt="no" Shift="yes" Key="190">
            <Action type="1" message="2170" wParam="0" lParam="0" sParam="d" />
            <Action type="1" message="2170" wParam="0" lParam="0" sParam="s" />
            <Action type="1" message="2170" wParam="0" lParam="0" sParam="_" />
            <Action type="1" message="2170" wParam="0" lParam="0" sParam="l" />
            <Action type="1" message="2170" wParam="0" lParam="0" sParam="i" />
            <Action type="1" message="2170" wParam="0" lParam="0" sParam="s" />
            <Action type="1" message="2170" wParam="0" lParam="0" sParam="t" />
            <Action type="1" message="2170" wParam="0" lParam="0" sParam="_" />
            <Action type="1" message="2170" wParam="0" lParam="0" sParam="s" />
            <Action type="1" message="2170" wParam="0" lParam="0" sParam="i" />
            <Action type="1" message="2170" wParam="0" lParam="0" sParam="z" />
            <Action type="1" message="2170" wParam="0" lParam="0" sParam="e" />
            <Action type="1" message="2170" wParam="0" lParam="0" sParam="(" />
            <Action type="1" message="2170" wParam="0" lParam="0" sParam=" " />
            <Action type="0" message="2310" wParam="0" lParam="0" sParam="" />
            <Action type="0" message="2180" wParam="0" lParam="0" sParam="" />
            <Action type="0" message="2180" wParam="0" lParam="0" sParam="" />
            <Action type="0" message="2180" wParam="0" lParam="0" sParam="" />
            <Action type="0" message="2180" wParam="0" lParam="0" sParam="" />
            <Action type="0" message="2180" wParam="0" lParam="0" sParam="" />
            <Action type="1" message="2170" wParam="0" lParam="0" sParam=" " />
            <Action type="1" message="2170" wParam="0" lParam="0" sParam=")" />
            <Action type="0" message="2304" wParam="0" lParam="0" sParam="" />
            <Action type="0" message="2326" wParam="0" lParam="0" sParam="" />
            <Action type="0" message="2308" wParam="0" lParam="0" sParam="" />
            <Action type="0" message="2326" wParam="0" lParam="0" sParam="" />
            <Action type="0" message="2310" wParam="0" lParam="0" sParam="" />
            <Action type="0" message="2306" wParam="0" lParam="0" sParam="" />
        </Macro>
    </Macros>
    <UserDefinedCommands>
        <Command name="Launch in Firefox" Ctrl="yes" Alt="yes" Shift="yes" Key="88">firefox &quot;$(FULL_CURRENT_PATH)&quot;</Command>
        <Command name="Launch in IE" Ctrl="yes" Alt="yes" Shift="yes" Key="73">iexplore &quot;$(FULL_CURRENT_PATH)&quot;</Command>
        <Command name="Launch in Chrome" Ctrl="yes" Alt="yes" Shift="yes" Key="82">chrome &quot;$(FULL_CURRENT_PATH)&quot;</Command>
        <Command name="Launch in Safari" Ctrl="yes" Alt="yes" Shift="yes" Key="65">safari &quot;$(FULL_CURRENT_PATH)&quot;</Command>
        <Command name="Get php help" Ctrl="no" Alt="yes" Shift="no" Key="112">http://www.php.net/$(CURRENT_WORD)</Command>
        <Command name="Wikipedia Search" Ctrl="no" Alt="yes" Shift="no" Key="114">https://en.wikipedia.org/wiki/Special:Search?search=$(CURRENT_WORD)</Command>
        <Command name="Open file in another instance" Ctrl="no" Alt="yes" Shift="no" Key="117">$(NPP_FULL_FILE_PATH) $(CURRENT_WORD) -nosession -multiInst</Command>
        <Command name="Send via Outlook" Ctrl="yes" Alt="yes" Shift="yes" Key="79">outlook /a &quot;$(FULL_CURRENT_PATH)&quot;</Command>
        <Command name="Compile" Ctrl="no" Alt="no" Shift="no" Key="0">&quot;F:\Working ASM (local)\Projects\ShadowCompiler 0.1\compile.exe&quot;</Command>
    </UserDefinedCommands>
    <PluginCommands />
    <ScintillaKeys />
</NotepadPlus>
