<NotepadPlus>
    <UserLang name="Shadow" ext="shd cfg" udlVersion="2.1">
        <Settings>
            <Global caseIgnored="no" allowFoldOfComments="no" foldCompact="no" forcePureLC="0" decimalSeparator="0" />
            <Prefix Keywords1="yes" Keywords2="yes" Keywords3="yes" Keywords4="no" Keywords5="no" Keywords6="no" Keywords7="no" Keywords8="yes" />
        </Settings>
        <KeywordLists>
            <Keywords name="Comments">00// 01 02 03/* 04*/</Keywords>
            <Keywords name="Numbers, prefix1">0x</Keywords>
            <Keywords name="Numbers, prefix2"></Keywords>
            <Keywords name="Numbers, extras1">a b c d e f A B C D E F</Keywords>
            <Keywords name="Numbers, extras2"></Keywords>
            <Keywords name="Numbers, suffix1"></Keywords>
            <Keywords name="Numbers, suffix2"></Keywords>
            <Keywords name="Numbers, range"></Keywords>
            <Keywords name="Operators1">[ ] { } ( ) &lt; = &gt; &amp; | + - * / ! ~ , : ^ ; % .</Keywords>
            <Keywords name="Operators2"></Keywords>
            <Keywords name="Folders in code1, open"></Keywords>
            <Keywords name="Folders in code1, middle"></Keywords>
            <Keywords name="Folders in code1, close"></Keywords>
            <Keywords name="Folders in code2, open"></Keywords>
            <Keywords name="Folders in code2, middle"></Keywords>
            <Keywords name="Folders in code2, close"></Keywords>
            <Keywords name="Folders in comment, open"></Keywords>
            <Keywords name="Folders in comment, middle"></Keywords>
            <Keywords name="Folders in comment, close"></Keywords>
            <Keywords name="Keywords1"></Keywords>
            <Keywords name="Keywords2">$</Keywords>
            <Keywords name="Keywords3">@</Keywords>
            <Keywords name="Keywords4">PreMulCreate&#x000D;&#x000A;PreMulReplace&#x000D;&#x000A;PreMulColor&#x000D;&#x000A;PreMulBlend&#x000D;&#x000A;ttw&#x000D;&#x000A;twz&#x000D;&#x000A;flu&#x000D;&#x000A;is_outside&#x000D;&#x000A;ArrStr&#x000D;&#x000A;MapExists&#x000D;&#x000A;MapStr&#x000D;&#x000A;MapStringify&#x000D;&#x000A;MapStringifyPreserve&#x000D;&#x000A;MapDeStringify&#x000D;&#x000A;turntw&#x000D;&#x000A;turn_towards&#x000D;&#x000A;logclr&#x000D;&#x000A;strcd&#x000D;&#x000A;strlw&#x000D;&#x000A;UX_draw_sprite&#x000D;&#x000A;PtrInArea&#x000D;&#x000A;UX_draw_text&#x000D;&#x000A;UX_draw_rect&#x000D;&#x000A;events&#x000D;&#x000A;flc&#x000D;&#x000A;main&#x000D;&#x000A;log&#x000D;&#x000A;logClear&#x000D;&#x000A;ArrStringify&#x000D;&#x000A;ArrStringifyPreserve&#x000D;&#x000A;ArrDeStringify&#x000D;&#x000A;ArrayPrint&#x000D;&#x000A;ArrayPrintStr&#x000D;&#x000A;FileTextRead&#x000D;&#x000A;FileTextWrite&#x000D;&#x000A;FileTextAppend&#x000D;&#x000A;FileArrayRead&#x000D;&#x000A;FileArrayWrite&#x000D;&#x000A;DrawTextGlow&#x000D;&#x000A;class&#x000D;&#x000A;MaskPush&#x000D;&#x000A;MaskPop&#x000D;&#x000A;exe&#x000D;&#x000A;angdiff&#x000D;&#x000A;MapDel&#x000D;&#x000A;newArr&#x000D;&#x000A;newMap&#x000D;&#x000A;freeMap&#x000D;&#x000A;SetArr2&#x000D;&#x000A;newArr2&#x000D;&#x000A;get&#x000D;&#x000A;set&#x000D;&#x000A;strf&#x000D;&#x000A;stri&#x000D;&#x000A;err&#x000D;&#x000A;GetArr2&#x000D;&#x000A;StrToArr&#x000D;&#x000A;ArrToStr&#x000D;&#x000A;MapFree&#x000D;&#x000A;ArrFree&#x000D;&#x000A;FileSize&#x000D;&#x000A;FileWrite&#x000D;&#x000A;FileRead&#x000D;&#x000A;FileReadBinary&#x000D;&#x000A;DirCreate&#x000D;&#x000A;dmsg&#x000D;&#x000A;debugTools&#x000D;&#x000A;Timer&#x000D;&#x000A;createAt&#x000D;&#x000A;ArrSet&#x000D;&#x000A;draw_shadow&#x000D;&#x000A;LoadRsrc&#x000D;&#x000A;floatToStr&#x000D;&#x000A;PathGetName&#x000D;&#x000A;PathGetDirectory&#x000D;&#x000A;substr&#x000D;&#x000A;strat&#x000D;&#x000A;strlen&#x000D;&#x000A;DrawSprite&#x000D;&#x000A;PtrHeld&#x000D;&#x000A;PtrPressed&#x000D;&#x000A;DrawRect&#x000D;&#x000A;bmset&#x000D;&#x000A;bmdef&#x000D;&#x000A;pdir&#x000D;&#x000A;pdis&#x000D;&#x000A;lenx&#x000D;&#x000A;leny&#x000D;&#x000A;msg&#x000D;&#x000A;MapSet&#x000D;&#x000A;MapGet&#x000D;&#x000A;MapClear&#x000D;&#x000A;rem&#x000D;&#x000A;pop&#x000D;&#x000A;clr&#x000D;&#x000A;copy&#x000D;&#x000A;ArrGetStr&#x000D;&#x000A;create_o&#x000D;&#x000A;CamCreate&#x000D;&#x000A;CamSet&#x000D;&#x000A;CamShake&#x000D;&#x000A;FadeInit&#x000D;&#x000A;Fade&#x000D;&#x000A;draw_self&#x000D;&#x000A;rand&#x000D;&#x000A;DrawStyle&#x000D;&#x000A;Time&#x000D;&#x000A;TimeMs&#x000D;&#x000A;create&#x000D;&#x000A;destroy&#x000D;&#x000A;exists&#x000D;&#x000A;clamp&#x000D;&#x000A;rgb&#x000D;&#x000A;hsv&#x000D;&#x000A;class_d</Keywords>
            <Keywords name="Keywords5"></Keywords>
            <Keywords name="Keywords6">self&#x000D;&#x000A;&#x000A;other&#x000D;&#x000A;&#x000A;all&#x000D;&#x000A;&#x000A;noone&#x000D;&#x000A;&#x000A;global&#x000D;&#x000A;&#x000A;local&#x000D;&#x000A;</Keywords>
            <Keywords name="Keywords7">event&#x000D;&#x000A;evperf&#x000D;&#x000A;draw_style&#x000D;&#x000A;KeyPtrL&#x000D;&#x000A;KeyPtrR&#x000D;&#x000A;KeyPtrM&#x000D;&#x000A;KeyA&#x000D;&#x000A;KeyB&#x000D;&#x000A;KeyC&#x000D;&#x000A;KeyD&#x000D;&#x000A;KeyE&#x000D;&#x000A;KeyF&#x000D;&#x000A;KeyG&#x000D;&#x000A;KeyH&#x000D;&#x000A;KeyI&#x000D;&#x000A;KeyJ&#x000D;&#x000A;KeyK&#x000D;&#x000A;KeyL&#x000D;&#x000A;KeyM&#x000D;&#x000A;KeyN&#x000D;&#x000A;KeyO&#x000D;&#x000A;KeyP&#x000D;&#x000A;KeyQ&#x000D;&#x000A;KeyR&#x000D;&#x000A;KeyS&#x000D;&#x000A;KeyT&#x000D;&#x000A;KeyU&#x000D;&#x000A;KeyV&#x000D;&#x000A;KeyW&#x000D;&#x000A;KeyX&#x000D;&#x000A;KeyY&#x000D;&#x000A;KeyZ&#x000D;&#x000A;Key0&#x000D;&#x000A;Key1&#x000D;&#x000A;Key2&#x000D;&#x000A;Key3&#x000D;&#x000A;Key4&#x000D;&#x000A;Key5&#x000D;&#x000A;Key6&#x000D;&#x000A;Key7&#x000D;&#x000A;Key8&#x000D;&#x000A;Key9&#x000D;&#x000A;KeyShf&#x000D;&#x000A;KeyCtr&#x000D;&#x000A;KeyAlt&#x000D;&#x000A;KeyLsh&#x000D;&#x000A;KeyLct&#x000D;&#x000A;KeyLal&#x000D;&#x000A;KeyRsh&#x000D;&#x000A;KeyRct&#x000D;&#x000A;KeyRal&#x000D;&#x000A;KeyEsc&#x000D;&#x000A;KeyTab&#x000D;&#x000A;KeySpc&#x000D;&#x000A;KeyBks&#x000D;&#x000A;KeyEnt&#x000D;&#x000A;KeyTil&#x000D;&#x000A;KeySub&#x000D;&#x000A;KeyEql&#x000D;&#x000A;KeySqo&#x000D;&#x000A;KeySqc&#x000D;&#x000A;KeyBsl&#x000D;&#x000A;KeySem&#x000D;&#x000A;KeyQot&#x000D;&#x000A;KeyCom&#x000D;&#x000A;KeyDot&#x000D;&#x000A;KeyFsl&#x000D;&#x000A;KeyN0&#x000D;&#x000A;KeyN1&#x000D;&#x000A;KeyN2&#x000D;&#x000A;KeyN3&#x000D;&#x000A;KeyN4&#x000D;&#x000A;KeyN5&#x000D;&#x000A;KeyN6&#x000D;&#x000A;KeyN7&#x000D;&#x000A;KeyN8&#x000D;&#x000A;KeyN9&#x000D;&#x000A;KeyNAdd&#x000D;&#x000A;KeyNMul&#x000D;&#x000A;KeyNSub&#x000D;&#x000A;KeyNDiv&#x000D;&#x000A;KeyNDot&#x000D;&#x000A;KeyHom&#x000D;&#x000A;KeyEnd&#x000D;&#x000A;KeyPgu&#x000D;&#x000A;KeyPgd&#x000D;&#x000A;KeyDel&#x000D;&#x000A;KeyIns&#x000D;&#x000A;KeyUp&#x000D;&#x000A;KeyDw&#x000D;&#x000A;KeyLf&#x000D;&#x000A;KeyRg&#x000D;&#x000A;KeyF1 &#x000D;&#x000A;KeyF2 &#x000D;&#x000A;KeyF3 &#x000D;&#x000A;KeyF4 &#x000D;&#x000A;KeyF5 &#x000D;&#x000A;KeyF6 &#x000D;&#x000A;KeyF7 &#x000D;&#x000A;KeyF8 &#x000D;&#x000A;KeyF9 &#x000D;&#x000A;KeyF10&#x000D;&#x000A;KeyF11&#x000D;&#x000A;KeyF12&#x000D;&#x000A;KeyPrt&#x000D;&#x000A;KeyPse&#x000D;&#x000A;GetTime&#x000D;&#x000A;GetActiveWindow&#x000D;&#x000A;SetActiveWindow&#x000D;&#x000A;KeysUpdate&#x000D;&#x000A;KeyGet&#x000D;&#x000A;KeyRemove&#x000D;&#x000A;KeyRemoveAll&#x000D;&#x000A;KeyHeld&#x000D;&#x000A;KeyPressed&#x000D;&#x000A;KeyReleased&#x000D;&#x000A;KeyTime&#x000D;&#x000A;KeyHeldTime&#x000D;&#x000A;KeyIdleTime&#x000D;&#x000A;KeyTimeClear&#x000D;&#x000A;NULL&#x000D;&#x000A;NULLF&#x000D;&#x000A;bm_add&#x000D;&#x000A;bm_dest_alpha&#x000D;&#x000A;bm_dest_color&#x000D;&#x000A;bm_inv_dest_alpha&#x000D;&#x000A;bm_inv_dest_color&#x000D;&#x000A;bm_inv_src_alpha&#x000D;&#x000A;bm_inv_src_color&#x000D;&#x000A;bm_max&#x000D;&#x000A;bm_normal&#x000D;&#x000A;bm_one&#x000D;&#x000A;bm_src_alpha&#x000D;&#x000A;bm_src_alpha_sat&#x000D;&#x000A;bm_src_color&#x000D;&#x000A;bm_subtract&#x000D;&#x000A;bm_zero&#x000D;&#x000A;c_aqua&#x000D;&#x000A;c_black&#x000D;&#x000A;c_blue&#x000D;&#x000A;c_dkgray&#x000D;&#x000A;c_fuchsia&#x000D;&#x000A;c_gray&#x000D;&#x000A;c_green&#x000D;&#x000A;c_lime&#x000D;&#x000A;c_ltgray&#x000D;&#x000A;c_maroon&#x000D;&#x000A;c_navy&#x000D;&#x000A;c_olive&#x000D;&#x000A;c_orange&#x000D;&#x000A;c_purple&#x000D;&#x000A;c_red&#x000D;&#x000A;c_silver&#x000D;&#x000A;c_teal&#x000D;&#x000A;c_white&#x000D;&#x000A;c_yellow&#x000D;&#x000A;cr_appstart&#x000D;&#x000A;cr_arrow&#x000D;&#x000A;cr_arrrow&#x000D;&#x000A;cr_beam&#x000D;&#x000A;cr_cross&#x000D;&#x000A;cr_default&#x000D;&#x000A;cr_drag&#x000D;&#x000A;cr_handpoint&#x000D;&#x000A;cr_help&#x000D;&#x000A;cr_hourglass&#x000D;&#x000A;cr_hsplit&#x000D;&#x000A;cr_multidrag&#x000D;&#x000A;cr_no&#x000D;&#x000A;cr_nodrop&#x000D;&#x000A;cr_none&#x000D;&#x000A;cr_size_all&#x000D;&#x000A;cr_size_nesw&#x000D;&#x000A;cr_size_ns&#x000D;&#x000A;cr_size_nwse&#x000D;&#x000A;cr_size_we&#x000D;&#x000A;cr_sqlwait&#x000D;&#x000A;cr_uparrow&#x000D;&#x000A;cr_vsplit&#x000D;&#x000A;dll_cdecl&#x000D;&#x000A;dll_stdcall&#x000D;&#x000A;ef_cloud&#x000D;&#x000A;ef_ellipse&#x000D;&#x000A;ef_explosion&#x000D;&#x000A;ef_firework&#x000D;&#x000A;ef_flare&#x000D;&#x000A;ef_rain&#x000D;&#x000A;ef_ring&#x000D;&#x000A;ef_smoke&#x000D;&#x000A;ef_smokeup&#x000D;&#x000A;ef_snow&#x000D;&#x000A;ef_spark&#x000D;&#x000A;ef_star&#x000D;&#x000A;ev_alarm&#x000D;&#x000A;ev_animation_end&#x000D;&#x000A;ev_boundary&#x000D;&#x000A;ev_close_button&#x000D;&#x000A;ev_collision&#x000D;&#x000A;ev_create&#x000D;&#x000A;ev_destroy&#x000D;&#x000A;ev_draw&#x000D;&#x000A;ev_end_of_path&#x000D;&#x000A;ev_game_end&#x000D;&#x000A;ev_game_start&#x000D;&#x000A;ev_global_left_button&#x000D;&#x000A;ev_global_left_press&#x000D;&#x000A;ev_global_left_release&#x000D;&#x000A;ev_global_middle_button&#x000D;&#x000A;ev_global_middle_press&#x000D;&#x000A;ev_global_middle_release&#x000D;&#x000A;ev_global_press&#x000D;&#x000A;ev_global_release&#x000D;&#x000A;ev_global_right_button&#x000D;&#x000A;ev_global_right_press&#x000D;&#x000A;ev_global_right_release&#x000D;&#x000A;ev_joystick1_button1&#x000D;&#x000A;ev_joystick1_button2&#x000D;&#x000A;ev_joystick1_button3&#x000D;&#x000A;ev_joystick1_button4&#x000D;&#x000A;ev_joystick1_button5&#x000D;&#x000A;ev_joystick1_button6&#x000D;&#x000A;ev_joystick1_button7&#x000D;&#x000A;ev_joystick1_button8&#x000D;&#x000A;ev_joystick1_down&#x000D;&#x000A;ev_joystick1_left&#x000D;&#x000A;ev_joystick1_right&#x000D;&#x000A;ev_joystick1_up&#x000D;&#x000A;ev_joystick2_button1&#x000D;&#x000A;ev_joystick2_button2&#x000D;&#x000A;ev_joystick2_button3&#x000D;&#x000A;ev_joystick2_button4&#x000D;&#x000A;ev_joystick2_button5&#x000D;&#x000A;ev_joystick2_button6&#x000D;&#x000A;ev_joystick2_button7&#x000D;&#x000A;ev_joystick2_button8&#x000D;&#x000A;ev_joystick2_down&#x000D;&#x000A;ev_joystick2_left&#x000D;&#x000A;ev_joystick2_right&#x000D;&#x000A;ev_joystick2_up&#x000D;&#x000A;ev_keyboard&#x000D;&#x000A;ev_keypress&#x000D;&#x000A;ev_keyrelease&#x000D;&#x000A;ev_left_button&#x000D;&#x000A;ev_left_press&#x000D;&#x000A;ev_left_release&#x000D;&#x000A;ev_middle_button&#x000D;&#x000A;ev_middle_press&#x000D;&#x000A;ev_middle_release&#x000D;&#x000A;ev_mouse&#x000D;&#x000A;ev_mouse_enter&#x000D;&#x000A;ev_mouse_leave&#x000D;&#x000A;ev_mouse_wheel_down&#x000D;&#x000A;ev_mouse_wheel_up&#x000D;&#x000A;ev_no_button&#x000D;&#x000A;ev_no_more_health&#x000D;&#x000A;ev_no_more_lives&#x000D;&#x000A;ev_other&#x000D;&#x000A;ev_outside&#x000D;&#x000A;ev_right_button&#x000D;&#x000A;ev_right_press&#x000D;&#x000A;ev_right_release&#x000D;&#x000A;ev_room_end&#x000D;&#x000A;ev_room_start&#x000D;&#x000A;ev_step&#x000D;&#x000A;ev_step_begin&#x000D;&#x000A;ev_step_end&#x000D;&#x000A;ev_step_normal&#x000D;&#x000A;ev_trigger&#x000D;&#x000A;ev_user0&#x000D;&#x000A;ev_user1&#x000D;&#x000A;ev_user10&#x000D;&#x000A;ev_user11&#x000D;&#x000A;ev_user12&#x000D;&#x000A;ev_user13&#x000D;&#x000A;ev_user14&#x000D;&#x000A;ev_user15&#x000D;&#x000A;ev_user2&#x000D;&#x000A;ev_user3&#x000D;&#x000A;ev_user4&#x000D;&#x000A;ev_user5&#x000D;&#x000A;ev_user6&#x000D;&#x000A;ev_user7&#x000D;&#x000A;ev_user8&#x000D;&#x000A;ev_user9&#x000D;&#x000A;fa_archive&#x000D;&#x000A;fa_bottom&#x000D;&#x000A;fa_center&#x000D;&#x000A;fa_directory&#x000D;&#x000A;fa_hidden&#x000D;&#x000A;fa_left&#x000D;&#x000A;fa_middle&#x000D;&#x000A;fa_readonly&#x000D;&#x000A;fa_right&#x000D;&#x000A;fa_sysfile&#x000D;&#x000A;fa_top&#x000D;&#x000A;fa_volumeid&#x000D;&#x000A;false&#x000D;&#x000A;global&#x000D;&#x000A;local&#x000D;&#x000A;mb_any&#x000D;&#x000A;mb_left&#x000D;&#x000A;mb_middle&#x000D;&#x000A;mb_none&#x000D;&#x000A;mb_right&#x000D;&#x000A;noone&#x000D;&#x000A;other&#x000D;&#x000A;pi&#x000D;&#x000A;pr_linelist&#x000D;&#x000A;pr_linestrip&#x000D;&#x000A;pr_pointlist&#x000D;&#x000A;pr_trianglefan&#x000D;&#x000A;pr_trianglelist&#x000D;&#x000A;pr_trianglestrip&#x000D;&#x000A;ps_change_all&#x000D;&#x000A;ps_change_motion&#x000D;&#x000A;ps_change_shape&#x000D;&#x000A;ps_deflect_horizontal&#x000D;&#x000A;ps_deflect_vertical&#x000D;&#x000A;ps_distr_gaussian&#x000D;&#x000A;ps_distr_invgaussian&#x000D;&#x000A;ps_distr_linear&#x000D;&#x000A;ps_force_constant&#x000D;&#x000A;ps_force_linear&#x000D;&#x000A;ps_force_quadratic&#x000D;&#x000A;ps_shape_diamond&#x000D;&#x000A;ps_shape_ellipse&#x000D;&#x000A;ps_shape_line&#x000D;&#x000A;ps_shape_rectangle&#x000D;&#x000A;pt_shape_circle&#x000D;&#x000A;pt_shape_cloud&#x000D;&#x000A;pt_shape_disk&#x000D;&#x000A;pt_shape_explosion&#x000D;&#x000A;pt_shape_flare&#x000D;&#x000A;pt_shape_line&#x000D;&#x000A;pt_shape_pixel&#x000D;&#x000A;pt_shape_ring&#x000D;&#x000A;pt_shape_smoke&#x000D;&#x000A;pt_shape_snow&#x000D;&#x000A;pt_shape_spark&#x000D;&#x000A;pt_shape_sphere&#x000D;&#x000A;pt_shape_square&#x000D;&#x000A;pt_shape_star&#x000D;&#x000A;se_chorus&#x000D;&#x000A;se_compressor&#x000D;&#x000A;se_echo&#x000D;&#x000A;se_equalizer&#x000D;&#x000A;se_flanger&#x000D;&#x000A;se_gargle&#x000D;&#x000A;se_none&#x000D;&#x000A;se_reverb&#x000D;&#x000A;self&#x000D;&#x000A;true&#x000D;&#x000A;ty_real&#x000D;&#x000A;ty_string&#x000D;&#x000A;vk_add&#x000D;&#x000A;vk_alt&#x000D;&#x000A;vk_anykey&#x000D;&#x000A;vk_backspace&#x000D;&#x000A;vk_control&#x000D;&#x000A;vk_decimal&#x000D;&#x000A;vk_delete&#x000D;&#x000A;vk_divide&#x000D;&#x000A;vk_down&#x000D;&#x000A;vk_end&#x000D;&#x000A;vk_enter&#x000D;&#x000A;vk_escape&#x000D;&#x000A;vk_f1&#x000D;&#x000A;vk_f10&#x000D;&#x000A;vk_f11&#x000D;&#x000A;vk_f12&#x000D;&#x000A;vk_f2&#x000D;&#x000A;vk_f3&#x000D;&#x000A;vk_f4&#x000D;&#x000A;vk_f5&#x000D;&#x000A;vk_f6&#x000D;&#x000A;vk_f7&#x000D;&#x000A;vk_f8&#x000D;&#x000A;vk_f9&#x000D;&#x000A;vk_home&#x000D;&#x000A;vk_insert&#x000D;&#x000A;vk_lalt&#x000D;&#x000A;vk_lcontrol&#x000D;&#x000A;vk_left&#x000D;&#x000A;vk_lshift&#x000D;&#x000A;vk_multiply&#x000D;&#x000A;vk_nokey&#x000D;&#x000A;vk_numpad0&#x000D;&#x000A;vk_numpad1&#x000D;&#x000A;vk_numpad2&#x000D;&#x000A;vk_numpad3&#x000D;&#x000A;vk_numpad4&#x000D;&#x000A;vk_numpad5&#x000D;&#x000A;vk_numpad6&#x000D;&#x000A;vk_numpad7&#x000D;&#x000A;vk_numpad8&#x000D;&#x000A;vk_numpad9&#x000D;&#x000A;vk_pagedown&#x000D;&#x000A;vk_pageup&#x000D;&#x000A;vk_pause&#x000D;&#x000A;vk_printscreen&#x000D;&#x000A;vk_ralt&#x000D;&#x000A;vk_rcontrol&#x000D;&#x000A;vk_return&#x000D;&#x000A;vk_right&#x000D;&#x000A;vk_rshift&#x000D;&#x000A;vk_shift&#x000D;&#x000A;vk_space&#x000D;&#x000A;vk_subtract&#x000D;&#x000A;vk_tab&#x000D;&#x000A;vk_up&#x000D;&#x000A;argument&#x000D;&#x000A;argument0&#x000D;&#x000A;argument1&#x000D;&#x000A;argument10&#x000D;&#x000A;argument11&#x000D;&#x000A;argument12&#x000D;&#x000A;argument13&#x000D;&#x000A;argument14&#x000D;&#x000A;argument15&#x000D;&#x000A;argument2&#x000D;&#x000A;argument3&#x000D;&#x000A;argument4&#x000D;&#x000A;argument5&#x000D;&#x000A;argument6&#x000D;&#x000A;argument7&#x000D;&#x000A;argument8&#x000D;&#x000A;argument9&#x000D;&#x000A;argument_relative&#x000D;&#x000A;background_alpha&#x000D;&#x000A;background_blend&#x000D;&#x000A;background_color&#x000D;&#x000A;background_foreground&#x000D;&#x000A;background_height&#x000D;&#x000A;background_hspeed&#x000D;&#x000A;background_htiled&#x000D;&#x000A;background_index&#x000D;&#x000A;background_showcolor&#x000D;&#x000A;background_visible&#x000D;&#x000A;background_vspeed&#x000D;&#x000A;background_vtiled&#x000D;&#x000A;background_width&#x000D;&#x000A;background_x&#x000D;&#x000A;background_xscale&#x000D;&#x000A;background_y&#x000D;&#x000A;background_yscale&#x000D;&#x000A;caption_health&#x000D;&#x000A;caption_lives&#x000D;&#x000A;caption_score&#x000D;&#x000A;current_day&#x000D;&#x000A;current_hour&#x000D;&#x000A;current_minute&#x000D;&#x000A;current_month&#x000D;&#x000A;current_second&#x000D;&#x000A;current_time&#x000D;&#x000A;current_weekday&#x000D;&#x000A;current_year&#x000D;&#x000A;cursor_sprite&#x000D;&#x000A;debug_mode&#x000D;&#x000A;error_last&#x000D;&#x000A;error_occurred&#x000D;&#x000A;event_action&#x000D;&#x000A;event_number&#x000D;&#x000A;event_object&#x000D;&#x000A;event_type&#x000D;&#x000A;fps&#x000D;&#x000A;game_id&#x000D;&#x000A;gamemaker_pro&#x000D;&#x000A;gamemaker_registered&#x000D;&#x000A;gamemaker_version&#x000D;&#x000A;health&#x000D;&#x000A;instance_count&#x000D;&#x000A;instance_id&#x000D;&#x000A;keyboard_key&#x000D;&#x000A;keyboard_lastchar&#x000D;&#x000A;keyboard_lastkey&#x000D;&#x000A;keyboard_string&#x000D;&#x000A;lives&#x000D;&#x000A;mouse_button&#x000D;&#x000A;mouse_lastbutton&#x000D;&#x000A;mouse_x&#x000D;&#x000A;mouse_y&#x000D;&#x000A;program_directory&#x000D;&#x000A;room&#x000D;&#x000A;room_caption&#x000D;&#x000A;room_first&#x000D;&#x000A;room_height&#x000D;&#x000A;room_last&#x000D;&#x000A;room_persistent&#x000D;&#x000A;room_speed&#x000D;&#x000A;room_width&#x000D;&#x000A;score&#x000D;&#x000A;secure_mode&#x000D;&#x000A;show_health&#x000D;&#x000A;show_lives&#x000D;&#x000A;show_score&#x000D;&#x000A;temp_directory&#x000D;&#x000A;transition_color&#x000D;&#x000A;transition_kind&#x000D;&#x000A;transition_steps&#x000D;&#x000A;view_angle&#x000D;&#x000A;view_current&#x000D;&#x000A;view_enabled&#x000D;&#x000A;view_hborder&#x000D;&#x000A;view_hport&#x000D;&#x000A;view_hspeed&#x000D;&#x000A;view_hview&#x000D;&#x000A;view_object&#x000D;&#x000A;view_vborder&#x000D;&#x000A;view_visible&#x000D;&#x000A;view_vspeed&#x000D;&#x000A;view_wport&#x000D;&#x000A;view_wview&#x000D;&#x000A;view_xport&#x000D;&#x000A;view_xview&#x000D;&#x000A;view_yport&#x000D;&#x000A;view_yview&#x000D;&#x000A;working_directory&#x000D;&#x000A;alarm&#x000D;&#x000A;bbox_bottom&#x000D;&#x000A;bbox_left&#x000D;&#x000A;bbox_right&#x000D;&#x000A;bbox_top&#x000D;&#x000A;depth&#x000D;&#x000A;direction&#x000D;&#x000A;friction&#x000D;&#x000A;gravity&#x000D;&#x000A;gravity_direction&#x000D;&#x000A;hspeed&#x000D;&#x000A;id&#x000D;&#x000A;image_alpha&#x000D;&#x000A;image_angle&#x000D;&#x000A;image_blend&#x000D;&#x000A;image_index&#x000D;&#x000A;image_number&#x000D;&#x000A;image_single&#x000D;&#x000A;image_speed&#x000D;&#x000A;image_xscale&#x000D;&#x000A;image_yscale&#x000D;&#x000A;mask_index&#x000D;&#x000A;object_index&#x000D;&#x000A;path_endaction&#x000D;&#x000A;path_index&#x000D;&#x000A;path_orientation&#x000D;&#x000A;path_position&#x000D;&#x000A;path_positionprevious&#x000D;&#x000A;path_scale&#x000D;&#x000A;path_speed&#x000D;&#x000A;persistent&#x000D;&#x000A;solid&#x000D;&#x000A;speed&#x000D;&#x000A;sprite_height&#x000D;&#x000A;sprite_index&#x000D;&#x000A;sprite_width&#x000D;&#x000A;sprite_xoffset&#x000D;&#x000A;sprite_yoffset&#x000D;&#x000A;timeline_index&#x000D;&#x000A;timeline_loop&#x000D;&#x000A;timeline_position&#x000D;&#x000A;timeline_running&#x000D;&#x000A;timeline_speed&#x000D;&#x000A;visible&#x000D;&#x000A;vspeed&#x000D;&#x000A;x&#x000D;&#x000A;xprevious&#x000D;&#x000A;xstart&#x000D;&#x000A;y&#x000D;&#x000A;yprevious&#x000D;&#x000A;ystart&#x000D;&#x000A;MCI_command&#x000D;&#x000A;abs&#x000D;&#x000A;action_another_room&#x000D;&#x000A;action_bounce&#x000D;&#x000A;action_cd_pause&#x000D;&#x000A;action_cd_play&#x000D;&#x000A;action_cd_playing&#x000D;&#x000A;action_cd_present&#x000D;&#x000A;action_cd_resume&#x000D;&#x000A;action_cd_stop&#x000D;&#x000A;action_change_object&#x000D;&#x000A;action_color&#x000D;&#x000A;action_create_object&#x000D;&#x000A;action_create_object_motion&#x000D;&#x000A;action_create_object_random&#x000D;&#x000A;action_current_room&#x000D;&#x000A;action_draw_arrow&#x000D;&#x000A;action_draw_background&#x000D;&#x000A;action_draw_ellipse&#x000D;&#x000A;action_draw_ellipse_gradient&#x000D;&#x000A;action_draw_gradient_hor&#x000D;&#x000A;action_draw_gradient_vert&#x000D;&#x000A;action_draw_health&#x000D;&#x000A;action_draw_life&#x000D;&#x000A;action_draw_life_images&#x000D;&#x000A;action_draw_line&#x000D;&#x000A;action_draw_rectangle&#x000D;&#x000A;action_draw_score&#x000D;&#x000A;action_draw_sprite&#x000D;&#x000A;action_draw_text&#x000D;&#x000A;action_draw_text_transformed&#x000D;&#x000A;action_draw_variable&#x000D;&#x000A;action_effect&#x000D;&#x000A;action_end_game&#x000D;&#x000A;action_end_sound&#x000D;&#x000A;action_execute_script&#x000D;&#x000A;action_font&#x000D;&#x000A;action_fullscreen&#x000D;&#x000A;action_highscore_clear&#x000D;&#x000A;action_highscore_show&#x000D;&#x000A;action_if&#x000D;&#x000A;action_if_aligned&#x000D;&#x000A;action_if_collision&#x000D;&#x000A;action_if_dice&#x000D;&#x000A;action_if_empty&#x000D;&#x000A;action_if_health&#x000D;&#x000A;action_if_life&#x000D;&#x000A;action_if_mouse&#x000D;&#x000A;action_if_next_room&#x000D;&#x000A;action_if_number&#x000D;&#x000A;action_if_object&#x000D;&#x000A;action_if_previous_room&#x000D;&#x000A;action_if_question&#x000D;&#x000A;action_if_score&#x000D;&#x000A;action_if_sound&#x000D;&#x000A;action_if_variable&#x000D;&#x000A;action_inherited&#x000D;&#x000A;action_kill_object&#x000D;&#x000A;action_kill_position&#x000D;&#x000A;action_linear_step&#x000D;&#x000A;action_load_game&#x000D;&#x000A;action_message&#x000D;&#x000A;action_move&#x000D;&#x000A;action_move_contact&#x000D;&#x000A;action_move_point&#x000D;&#x000A;action_move_random&#x000D;&#x000A;action_move_start&#x000D;&#x000A;action_move_to&#x000D;&#x000A;action_next_room&#x000D;&#x000A;action_partemit_burst&#x000D;&#x000A;action_partemit_create&#x000D;&#x000A;action_partemit_destroy&#x000D;&#x000A;action_partemit_stream&#x000D;&#x000A;action_partsyst_clear&#x000D;&#x000A;action_partsyst_create&#x000D;&#x000A;action_partsyst_destroy&#x000D;&#x000A;action_parttype_color&#x000D;&#x000A;action_parttype_create&#x000D;&#x000A;action_parttype_gravity&#x000D;&#x000A;action_parttype_life&#x000D;&#x000A;action_parttype_secondary&#x000D;&#x000A;action_parttype_speed&#x000D;&#x000A;action_path&#x000D;&#x000A;action_path_end&#x000D;&#x000A;action_path_position&#x000D;&#x000A;action_path_speed&#x000D;&#x000A;action_potential_step&#x000D;&#x000A;action_previous_room&#x000D;&#x000A;action_replace_background&#x000D;&#x000A;action_replace_sound&#x000D;&#x000A;action_replace_sprite&#x000D;&#x000A;action_restart_game&#x000D;&#x000A;action_reverse_xdir&#x000D;&#x000A;action_reverse_ydir&#x000D;&#x000A;action_save_game&#x000D;&#x000A;action_set_alarm&#x000D;&#x000A;action_set_caption&#x000D;&#x000A;action_set_cursor&#x000D;&#x000A;action_set_friction&#x000D;&#x000A;action_set_gravity&#x000D;&#x000A;action_set_health&#x000D;&#x000A;action_set_hspeed&#x000D;&#x000A;action_set_life&#x000D;&#x000A;action_set_motion&#x000D;&#x000A;action_set_score&#x000D;&#x000A;action_set_timeline&#x000D;&#x000A;action_set_timeline_position&#x000D;&#x000A;action_set_timeline_speed&#x000D;&#x000A;action_set_vspeed&#x000D;&#x000A;action_show_info&#x000D;&#x000A;action_show_video&#x000D;&#x000A;action_sleep&#x000D;&#x000A;action_snap&#x000D;&#x000A;action_snapshot&#x000D;&#x000A;action_sound&#x000D;&#x000A;action_splash_image&#x000D;&#x000A;action_splash_settings&#x000D;&#x000A;action_splash_text&#x000D;&#x000A;action_splash_video&#x000D;&#x000A;action_splash_web&#x000D;&#x000A;action_sprite_color&#x000D;&#x000A;action_sprite_set&#x000D;&#x000A;action_sprite_transform&#x000D;&#x000A;action_timeline_pause&#x000D;&#x000A;action_timeline_set&#x000D;&#x000A;action_timeline_start&#x000D;&#x000A;action_timeline_stop&#x000D;&#x000A;action_webpage&#x000D;&#x000A;action_wrap&#x000D;&#x000A;arccos&#x000D;&#x000A;arcsin&#x000D;&#x000A;arctan&#x000D;&#x000A;arctan2&#x000D;&#x000A;background_add&#x000D;&#x000A;background_add_background&#x000D;&#x000A;background_assign&#x000D;&#x000A;background_create_color&#x000D;&#x000A;background_create_from_screen&#x000D;&#x000A;background_create_from_surface&#x000D;&#x000A;background_create_gradient&#x000D;&#x000A;background_delete&#x000D;&#x000A;background_duplicate&#x000D;&#x000A;background_exists&#x000D;&#x000A;background_get_height&#x000D;&#x000A;background_get_name&#x000D;&#x000A;background_get_texture&#x000D;&#x000A;background_get_width&#x000D;&#x000A;background_name&#x000D;&#x000A;background_replace&#x000D;&#x000A;background_replace_background&#x000D;&#x000A;background_save&#x000D;&#x000A;background_set_alpha_from_background&#x000D;&#x000A;cd_close_door&#x000D;&#x000A;cd_init&#x000D;&#x000A;cd_length&#x000D;&#x000A;cd_number&#x000D;&#x000A;cd_open_door&#x000D;&#x000A;cd_pause&#x000D;&#x000A;cd_paused&#x000D;&#x000A;cd_play&#x000D;&#x000A;cd_playing&#x000D;&#x000A;cd_position&#x000D;&#x000A;cd_present&#x000D;&#x000A;cd_resume&#x000D;&#x000A;cd_set_position&#x000D;&#x000A;cd_set_track_position&#x000D;&#x000A;cd_stop&#x000D;&#x000A;cd_track&#x000D;&#x000A;cd_track_length&#x000D;&#x000A;cd_track_position&#x000D;&#x000A;ceil&#x000D;&#x000A;choose&#x000D;&#x000A;chr&#x000D;&#x000A;clipboard_get_text&#x000D;&#x000A;clipboard_has_text&#x000D;&#x000A;clipboard_set_text&#x000D;&#x000A;collision_circle&#x000D;&#x000A;collision_ellipse&#x000D;&#x000A;collision_line&#x000D;&#x000A;collision_point&#x000D;&#x000A;collision_rectangle&#x000D;&#x000A;color_get_blue&#x000D;&#x000A;color_get_green&#x000D;&#x000A;color_get_hue&#x000D;&#x000A;color_get_red&#x000D;&#x000A;color_get_saturation&#x000D;&#x000A;color_get_value&#x000D;&#x000A;cos&#x000D;&#x000A;d3d_draw_block&#x000D;&#x000A;d3d_draw_cone&#x000D;&#x000A;d3d_draw_cylinder&#x000D;&#x000A;d3d_draw_ellipsoid&#x000D;&#x000A;d3d_draw_floor&#x000D;&#x000A;d3d_draw_wall&#x000D;&#x000A;d3d_end&#x000D;&#x000A;d3d_light_define_direction&#x000D;&#x000A;d3d_light_define_point&#x000D;&#x000A;d3d_light_enable&#x000D;&#x000A;d3d_model_block&#x000D;&#x000A;d3d_model_clear&#x000D;&#x000A;d3d_model_cone&#x000D;&#x000A;d3d_model_create&#x000D;&#x000A;d3d_model_cylinder&#x000D;&#x000A;d3d_model_destroy&#x000D;&#x000A;d3d_model_draw&#x000D;&#x000A;d3d_model_ellipsoid&#x000D;&#x000A;d3d_model_floor&#x000D;&#x000A;d3d_model_load&#x000D;&#x000A;d3d_model_primitive_begin&#x000D;&#x000A;d3d_model_primitive_end&#x000D;&#x000A;d3d_model_save&#x000D;&#x000A;d3d_model_vertex&#x000D;&#x000A;d3d_model_vertex_color&#x000D;&#x000A;d3d_model_vertex_normal&#x000D;&#x000A;d3d_model_vertex_normal_color&#x000D;&#x000A;d3d_model_vertex_normal_texture&#x000D;&#x000A;d3d_model_vertex_normal_texture_color&#x000D;&#x000A;d3d_model_vertex_texture&#x000D;&#x000A;d3d_model_vertex_texture_color&#x000D;&#x000A;d3d_model_wall&#x000D;&#x000A;d3d_primitive_begin&#x000D;&#x000A;d3d_primitive_begin_texture&#x000D;&#x000A;d3d_primitive_end&#x000D;&#x000A;d3d_set_culling&#x000D;&#x000A;d3d_set_depth&#x000D;&#x000A;d3d_set_fog&#x000D;&#x000A;d3d_set_hidden&#x000D;&#x000A;d3d_set_lighting&#x000D;&#x000A;d3d_set_perspective&#x000D;&#x000A;d3d_set_projection&#x000D;&#x000A;d3d_set_projection_ext&#x000D;&#x000A;d3d_set_projection_ortho&#x000D;&#x000A;d3d_set_projection_perspective&#x000D;&#x000A;d3d_set_shading&#x000D;&#x000A;d3d_start&#x000D;&#x000A;d3d_transform_add_rotation_axis&#x000D;&#x000A;d3d_transform_add_rotation_x&#x000D;&#x000A;d3d_transform_add_rotation_y&#x000D;&#x000A;d3d_transform_add_rotation_z&#x000D;&#x000A;d3d_transform_add_scaling&#x000D;&#x000A;d3d_transform_add_translation&#x000D;&#x000A;d3d_transform_set_identity&#x000D;&#x000A;d3d_transform_set_rotation_axis&#x000D;&#x000A;d3d_transform_set_rotation_x&#x000D;&#x000A;d3d_transform_set_rotation_y&#x000D;&#x000A;d3d_transform_set_rotation_z&#x000D;&#x000A;d3d_transform_set_scaling&#x000D;&#x000A;d3d_transform_set_translation&#x000D;&#x000A;d3d_transform_stack_clear&#x000D;&#x000A;d3d_transform_stack_discard&#x000D;&#x000A;d3d_transform_stack_empty&#x000D;&#x000A;d3d_transform_stack_pop&#x000D;&#x000A;d3d_transform_stack_push&#x000D;&#x000A;d3d_transform_stack_top&#x000D;&#x000A;d3d_vertex&#x000D;&#x000A;d3d_vertex_color&#x000D;&#x000A;d3d_vertex_normal&#x000D;&#x000A;d3d_vertex_normal_color&#x000D;&#x000A;d3d_vertex_normal_texture&#x000D;&#x000A;d3d_vertex_normal_texture_color&#x000D;&#x000A;d3d_vertex_texture&#x000D;&#x000A;d3d_vertex_texture_color&#x000D;&#x000A;date_compare_date&#x000D;&#x000A;date_compare_datetime&#x000D;&#x000A;date_compare_time&#x000D;&#x000A;date_create_date&#x000D;&#x000A;date_create_datetime&#x000D;&#x000A;date_create_time&#x000D;&#x000A;date_current_date&#x000D;&#x000A;date_current_datetime&#x000D;&#x000A;date_current_time&#x000D;&#x000A;date_date_of&#x000D;&#x000A;date_date_string&#x000D;&#x000A;date_datetime_string&#x000D;&#x000A;date_day_span&#x000D;&#x000A;date_days_in_month&#x000D;&#x000A;date_days_in_year&#x000D;&#x000A;date_get_day&#x000D;&#x000A;date_get_day_of_year&#x000D;&#x000A;date_get_hour&#x000D;&#x000A;date_get_hour_of_year&#x000D;&#x000A;date_get_minute&#x000D;&#x000A;date_get_minute_of_year&#x000D;&#x000A;date_get_month&#x000D;&#x000A;date_get_second&#x000D;&#x000A;date_get_second_of_year&#x000D;&#x000A;date_get_week&#x000D;&#x000A;date_get_weekday&#x000D;&#x000A;date_get_year&#x000D;&#x000A;date_hour_span&#x000D;&#x000A;date_inc_day&#x000D;&#x000A;date_inc_hour&#x000D;&#x000A;date_inc_minute&#x000D;&#x000A;date_inc_month&#x000D;&#x000A;date_inc_second&#x000D;&#x000A;date_inc_week&#x000D;&#x000A;date_inc_year&#x000D;&#x000A;date_is_today&#x000D;&#x000A;date_leap_year&#x000D;&#x000A;date_minute_span&#x000D;&#x000A;date_month_span&#x000D;&#x000A;date_second_span&#x000D;&#x000A;date_time_of&#x000D;&#x000A;date_time_string&#x000D;&#x000A;date_valid_date&#x000D;&#x000A;date_valid_datetime&#x000D;&#x000A;date_valid_time&#x000D;&#x000A;date_week_span&#x000D;&#x000A;date_year_span&#x000D;&#x000A;degtorad&#x000D;&#x000A;directory_create&#x000D;&#x000A;directory_exists&#x000D;&#x000A;discard_include_file&#x000D;&#x000A;disk_free&#x000D;&#x000A;disk_size&#x000D;&#x000A;display_get_colordepth&#x000D;&#x000A;display_get_frequency&#x000D;&#x000A;display_get_height&#x000D;&#x000A;display_get_width&#x000D;&#x000A;display_mouse_get_x&#x000D;&#x000A;display_mouse_get_y&#x000D;&#x000A;display_mouse_set&#x000D;&#x000A;display_reset&#x000D;&#x000A;display_set_all&#x000D;&#x000A;display_set_colordepth&#x000D;&#x000A;display_set_frequency&#x000D;&#x000A;display_set_size&#x000D;&#x000A;display_test_all&#x000D;&#x000A;distance_to_object&#x000D;&#x000A;distance_to_point&#x000D;&#x000A;draw_arrow&#x000D;&#x000A;draw_background&#x000D;&#x000A;draw_background_ext&#x000D;&#x000A;draw_background_general&#x000D;&#x000A;draw_background_part&#x000D;&#x000A;draw_background_part_ext&#x000D;&#x000A;draw_background_stretched&#x000D;&#x000A;draw_background_stretched_ext&#x000D;&#x000A;draw_background_tiled&#x000D;&#x000A;draw_background_tiled_ext&#x000D;&#x000A;draw_button&#x000D;&#x000A;draw_circle&#x000D;&#x000A;draw_circle_color&#x000D;&#x000A;draw_clear&#x000D;&#x000A;draw_clear_alpha&#x000D;&#x000A;draw_ellipse&#x000D;&#x000A;draw_ellipse_color&#x000D;&#x000A;draw_get_alpha&#x000D;&#x000A;draw_get_color&#x000D;&#x000A;draw_getpixel&#x000D;&#x000A;draw_healthbar&#x000D;&#x000A;draw_highscore&#x000D;&#x000A;draw_line&#x000D;&#x000A;draw_line_color&#x000D;&#x000A;draw_line_width&#x000D;&#x000A;draw_line_width_color&#x000D;&#x000A;draw_path&#x000D;&#x000A;draw_point&#x000D;&#x000A;draw_point_color&#x000D;&#x000A;draw_primitive_begin&#x000D;&#x000A;draw_primitive_begin_texture&#x000D;&#x000A;draw_primitive_end&#x000D;&#x000A;draw_rectangle&#x000D;&#x000A;draw_rectangle_color&#x000D;&#x000A;draw_roundrect&#x000D;&#x000A;draw_roundrect_color&#x000D;&#x000A;draw_set_alpha&#x000D;&#x000A;draw_set_blend_mode&#x000D;&#x000A;draw_set_blend_mode_ext&#x000D;&#x000A;draw_set_circle_precision&#x000D;&#x000A;draw_set_color&#x000D;&#x000A;draw_set_font&#x000D;&#x000A;draw_set_halign&#x000D;&#x000A;draw_set_valign&#x000D;&#x000A;draw_sprite&#x000D;&#x000A;draw_sprite_ext&#x000D;&#x000A;draw_sprite_general&#x000D;&#x000A;draw_sprite_part&#x000D;&#x000A;draw_sprite_part_ext&#x000D;&#x000A;draw_sprite_stretched&#x000D;&#x000A;draw_sprite_stretched_ext&#x000D;&#x000A;draw_sprite_tiled&#x000D;&#x000A;draw_sprite_tiled_ext&#x000D;&#x000A;draw_surface&#x000D;&#x000A;draw_surface_ext&#x000D;&#x000A;draw_surface_general&#x000D;&#x000A;draw_surface_part&#x000D;&#x000A;draw_surface_part_ext&#x000D;&#x000A;draw_surface_stretched&#x000D;&#x000A;draw_surface_stretched_ext&#x000D;&#x000A;draw_surface_tiled&#x000D;&#x000A;draw_surface_tiled_ext&#x000D;&#x000A;draw_text&#x000D;&#x000A;draw_text_color&#x000D;&#x000A;draw_text_ext&#x000D;&#x000A;draw_text_ext_color&#x000D;&#x000A;draw_text_ext_transformed&#x000D;&#x000A;draw_text_ext_transformed_color&#x000D;&#x000A;draw_text_transformed&#x000D;&#x000A;draw_text_transformed_color&#x000D;&#x000A;draw_triangle&#x000D;&#x000A;draw_triangle_color&#x000D;&#x000A;draw_vertex&#x000D;&#x000A;draw_vertex_color&#x000D;&#x000A;draw_vertex_texture&#x000D;&#x000A;draw_vertex_texture_color&#x000D;&#x000A;ds_grid_add&#x000D;&#x000A;ds_grid_add_disk&#x000D;&#x000A;ds_grid_add_grid_region&#x000D;&#x000A;ds_grid_add_region&#x000D;&#x000A;ds_grid_clear&#x000D;&#x000A;ds_grid_copy&#x000D;&#x000A;ds_grid_create&#x000D;&#x000A;ds_grid_destroy&#x000D;&#x000A;ds_grid_get&#x000D;&#x000A;ds_grid_get_disk_max&#x000D;&#x000A;ds_grid_get_disk_mean&#x000D;&#x000A;ds_grid_get_disk_min&#x000D;&#x000A;ds_grid_get_disk_sum&#x000D;&#x000A;ds_grid_get_max&#x000D;&#x000A;ds_grid_get_mean&#x000D;&#x000A;ds_grid_get_min&#x000D;&#x000A;ds_grid_get_sum&#x000D;&#x000A;ds_grid_height&#x000D;&#x000A;ds_grid_multiply&#x000D;&#x000A;ds_grid_multiply_disk&#x000D;&#x000A;ds_grid_multiply_grid_region&#x000D;&#x000A;ds_grid_multiply_region&#x000D;&#x000A;ds_grid_read&#x000D;&#x000A;ds_grid_resize&#x000D;&#x000A;ds_grid_set&#x000D;&#x000A;ds_grid_set_disk&#x000D;&#x000A;ds_grid_set_grid_region&#x000D;&#x000A;ds_grid_set_region&#x000D;&#x000A;ds_grid_shuffle&#x000D;&#x000A;ds_grid_value_disk_exists&#x000D;&#x000A;ds_grid_value_disk_x&#x000D;&#x000A;ds_grid_value_disk_y&#x000D;&#x000A;ds_grid_value_exists&#x000D;&#x000A;ds_grid_value_x&#x000D;&#x000A;ds_grid_value_y&#x000D;&#x000A;ds_grid_width&#x000D;&#x000A;ds_grid_write&#x000D;&#x000A;ds_list_add&#x000D;&#x000A;ds_list_clear&#x000D;&#x000A;ds_list_copy&#x000D;&#x000A;ds_list_create&#x000D;&#x000A;ds_list_delete&#x000D;&#x000A;ds_list_destroy&#x000D;&#x000A;ds_list_empty&#x000D;&#x000A;ds_list_find_index&#x000D;&#x000A;ds_list_find_value&#x000D;&#x000A;ds_list_insert&#x000D;&#x000A;ds_list_read&#x000D;&#x000A;ds_list_replace&#x000D;&#x000A;ds_list_shuffle&#x000D;&#x000A;ds_list_size&#x000D;&#x000A;ds_list_sort&#x000D;&#x000A;ds_list_write&#x000D;&#x000A;ds_map_add&#x000D;&#x000A;ds_map_clear&#x000D;&#x000A;ds_map_copy&#x000D;&#x000A;ds_map_create&#x000D;&#x000A;ds_map_delete&#x000D;&#x000A;ds_map_destroy&#x000D;&#x000A;ds_map_empty&#x000D;&#x000A;ds_map_exists&#x000D;&#x000A;ds_map_find_first&#x000D;&#x000A;ds_map_find_last&#x000D;&#x000A;ds_map_find_next&#x000D;&#x000A;ds_map_find_previous&#x000D;&#x000A;ds_map_find_value&#x000D;&#x000A;ds_map_read&#x000D;&#x000A;ds_map_replace&#x000D;&#x000A;ds_map_size&#x000D;&#x000A;ds_map_write&#x000D;&#x000A;ds_priority_add&#x000D;&#x000A;ds_priority_change_priority&#x000D;&#x000A;ds_priority_clear&#x000D;&#x000A;ds_priority_copy&#x000D;&#x000A;ds_priority_create&#x000D;&#x000A;ds_priority_delete_max&#x000D;&#x000A;ds_priority_delete_min&#x000D;&#x000A;ds_priority_delete_value&#x000D;&#x000A;ds_priority_destroy&#x000D;&#x000A;ds_priority_empty&#x000D;&#x000A;ds_priority_find_max&#x000D;&#x000A;ds_priority_find_min&#x000D;&#x000A;ds_priority_find_priority&#x000D;&#x000A;ds_priority_read&#x000D;&#x000A;ds_priority_size&#x000D;&#x000A;ds_priority_write&#x000D;&#x000A;ds_queue_clear&#x000D;&#x000A;ds_queue_copy&#x000D;&#x000A;ds_queue_create&#x000D;&#x000A;ds_queue_dequeue&#x000D;&#x000A;ds_queue_destroy&#x000D;&#x000A;ds_queue_empty&#x000D;&#x000A;ds_queue_enqueue&#x000D;&#x000A;ds_queue_head&#x000D;&#x000A;ds_queue_read&#x000D;&#x000A;ds_queue_size&#x000D;&#x000A;ds_queue_tail&#x000D;&#x000A;ds_queue_write&#x000D;&#x000A;ds_set_precision&#x000D;&#x000A;ds_stack_clear&#x000D;&#x000A;ds_stack_copy&#x000D;&#x000A;ds_stack_create&#x000D;&#x000A;ds_stack_destroy&#x000D;&#x000A;ds_stack_empty&#x000D;&#x000A;ds_stack_pop&#x000D;&#x000A;ds_stack_push&#x000D;&#x000A;ds_stack_read&#x000D;&#x000A;ds_stack_size&#x000D;&#x000A;ds_stack_top&#x000D;&#x000A;ds_stack_write&#x000D;&#x000A;effect_clear&#x000D;&#x000A;effect_create_above&#x000D;&#x000A;effect_create_below&#x000D;&#x000A;environment_get_variable&#x000D;&#x000A;event_inherited&#x000D;&#x000A;event_inherited&#x000D;&#x000A;event_perform&#x000D;&#x000A;event_perform_object&#x000D;&#x000A;event_user&#x000D;&#x000A;execute_file&#x000D;&#x000A;execute_program&#x000D;&#x000A;execute_shell&#x000D;&#x000A;execute_string&#x000D;&#x000A;exp&#x000D;&#x000A;export_include_file&#x000D;&#x000A;export_include_file_location&#x000D;&#x000A;external_call&#x000D;&#x000A;external_call0&#x000D;&#x000A;external_call1&#x000D;&#x000A;external_call2&#x000D;&#x000A;external_call3&#x000D;&#x000A;external_call4&#x000D;&#x000A;external_call5&#x000D;&#x000A;external_call6&#x000D;&#x000A;external_call7&#x000D;&#x000A;external_call8&#x000D;&#x000A;external_define&#x000D;&#x000A;external_define0&#x000D;&#x000A;external_define1&#x000D;&#x000A;external_define2&#x000D;&#x000A;external_define3&#x000D;&#x000A;external_define4&#x000D;&#x000A;external_define5&#x000D;&#x000A;external_define6&#x000D;&#x000A;external_define7&#x000D;&#x000A;external_define8&#x000D;&#x000A;external_free&#x000D;&#x000A;file_attributes&#x000D;&#x000A;file_bin_close&#x000D;&#x000A;file_bin_open&#x000D;&#x000A;file_bin_position&#x000D;&#x000A;file_bin_read_byte&#x000D;&#x000A;file_bin_rewrite&#x000D;&#x000A;file_bin_seek&#x000D;&#x000A;file_bin_size&#x000D;&#x000A;file_bin_write_byte&#x000D;&#x000A;file_close&#x000D;&#x000A;file_copy&#x000D;&#x000A;file_delete&#x000D;&#x000A;file_eof&#x000D;&#x000A;file_eoln&#x000D;&#x000A;file_exists&#x000D;&#x000A;file_find_close&#x000D;&#x000A;file_find_first&#x000D;&#x000A;file_find_next&#x000D;&#x000A;file_open_append&#x000D;&#x000A;file_open_read&#x000D;&#x000A;file_open_write&#x000D;&#x000A;file_read_real&#x000D;&#x000A;file_read_string&#x000D;&#x000A;file_readln&#x000D;&#x000A;file_rename&#x000D;&#x000A;file_text_close&#x000D;&#x000A;file_text_eof&#x000D;&#x000A;file_text_eoln&#x000D;&#x000A;file_text_open_append&#x000D;&#x000A;file_text_open_read&#x000D;&#x000A;file_text_open_write&#x000D;&#x000A;file_text_read_real&#x000D;&#x000A;file_text_read_string&#x000D;&#x000A;file_text_readln&#x000D;&#x000A;file_text_write_real&#x000D;&#x000A;file_text_write_string&#x000D;&#x000A;file_text_writeln&#x000D;&#x000A;file_write_real&#x000D;&#x000A;file_write_string&#x000D;&#x000A;file_writeln&#x000D;&#x000A;filename_change_ext&#x000D;&#x000A;filename_dir&#x000D;&#x000A;filename_drive&#x000D;&#x000A;filename_ext&#x000D;&#x000A;filename_name&#x000D;&#x000A;filename_path&#x000D;&#x000A;floor&#x000D;&#x000A;font_add&#x000D;&#x000A;font_add_sprite&#x000D;&#x000A;font_delete&#x000D;&#x000A;font_exists&#x000D;&#x000A;font_get_bold&#x000D;&#x000A;font_get_first&#x000D;&#x000A;font_get_fontname&#x000D;&#x000A;font_get_italic&#x000D;&#x000A;font_get_last&#x000D;&#x000A;font_get_name&#x000D;&#x000A;font_get_size&#x000D;&#x000A;font_name&#x000D;&#x000A;font_replace&#x000D;&#x000A;font_replace_sprite&#x000D;&#x000A;frac&#x000D;&#x000A;game_end&#x000D;&#x000A;game_load&#x000D;&#x000A;game_restart&#x000D;&#x000A;game_save&#x000D;&#x000A;get_color&#x000D;&#x000A;get_directory&#x000D;&#x000A;get_directory_alt&#x000D;&#x000A;get_integer&#x000D;&#x000A;get_open_filename&#x000D;&#x000A;get_save_filename&#x000D;&#x000A;get_string&#x000D;&#x000A;highscore_add&#x000D;&#x000A;highscore_add_current&#x000D;&#x000A;highscore_clear&#x000D;&#x000A;highscore_name&#x000D;&#x000A;highscore_set_background&#x000D;&#x000A;highscore_set_border&#x000D;&#x000A;highscore_set_colors&#x000D;&#x000A;highscore_set_font&#x000D;&#x000A;highscore_set_strings&#x000D;&#x000A;highscore_show&#x000D;&#x000A;highscore_show_ext&#x000D;&#x000A;highscore_value&#x000D;&#x000A;ini_close&#x000D;&#x000A;ini_key_delete&#x000D;&#x000A;ini_key_exists&#x000D;&#x000A;ini_open&#x000D;&#x000A;ini_read_real&#x000D;&#x000A;ini_read_string&#x000D;&#x000A;ini_section_delete&#x000D;&#x000A;ini_section_exists&#x000D;&#x000A;ini_write_real&#x000D;&#x000A;ini_write_string&#x000D;&#x000A;instance_activate_all&#x000D;&#x000A;instance_activate_object&#x000D;&#x000A;instance_activate_region&#x000D;&#x000A;instance_change&#x000D;&#x000A;instance_copy&#x000D;&#x000A;instance_create&#x000D;&#x000A;instance_deactivate_all&#x000D;&#x000A;instance_deactivate_object&#x000D;&#x000A;instance_deactivate_region&#x000D;&#x000A;instance_destroy&#x000D;&#x000A;instance_exists&#x000D;&#x000A;instance_find&#x000D;&#x000A;instance_furthest&#x000D;&#x000A;instance_nearest&#x000D;&#x000A;instance_number&#x000D;&#x000A;instance_place&#x000D;&#x000A;instance_position&#x000D;&#x000A;instance_sprite&#x000D;&#x000A;io_clear&#x000D;&#x000A;io_handle&#x000D;&#x000A;irandom&#x000D;&#x000A;irandom_range&#x000D;&#x000A;is_real&#x000D;&#x000A;is_string&#x000D;&#x000A;joystick_axes&#x000D;&#x000A;joystick_buttons&#x000D;&#x000A;joystick_check_button&#x000D;&#x000A;joystick_direction&#x000D;&#x000A;joystick_exists&#x000D;&#x000A;joystick_has_pov&#x000D;&#x000A;joystick_name&#x000D;&#x000A;joystick_pov&#x000D;&#x000A;joystick_rpos&#x000D;&#x000A;joystick_upos&#x000D;&#x000A;joystick_vpos&#x000D;&#x000A;joystick_xpos&#x000D;&#x000A;joystick_ypos&#x000D;&#x000A;joystick_zpos&#x000D;&#x000A;keyboard_check&#x000D;&#x000A;keyboard_check_direct&#x000D;&#x000A;keyboard_check_pressed&#x000D;&#x000A;keyboard_check_released&#x000D;&#x000A;keyboard_clear&#x000D;&#x000A;keyboard_get_map&#x000D;&#x000A;keyboard_get_numlock&#x000D;&#x000A;keyboard_key_press&#x000D;&#x000A;keyboard_key_release&#x000D;&#x000A;keyboard_set_map&#x000D;&#x000A;keyboard_set_numlock&#x000D;&#x000A;keyboard_unset_map&#x000D;&#x000A;keyboard_wait&#x000D;&#x000A;lengthdir_x&#x000D;&#x000A;lengthdir_y&#x000D;&#x000A;ln&#x000D;&#x000A;load_info&#x000D;&#x000A;log10&#x000D;&#x000A;log2&#x000D;&#x000A;logn&#x000D;&#x000A;make_color&#x000D;&#x000A;make_color_hsv&#x000D;&#x000A;make_color_rgb&#x000D;&#x000A;max&#x000D;&#x000A;max3&#x000D;&#x000A;mean&#x000D;&#x000A;median&#x000D;&#x000A;merge_color&#x000D;&#x000A;message_alpha&#x000D;&#x000A;message_background&#x000D;&#x000A;message_button&#x000D;&#x000A;message_button_font&#x000D;&#x000A;message_caption&#x000D;&#x000A;message_input_color&#x000D;&#x000A;message_input_font&#x000D;&#x000A;message_mouse_color&#x000D;&#x000A;message_position&#x000D;&#x000A;message_size&#x000D;&#x000A;message_text_font&#x000D;&#x000A;min&#x000D;&#x000A;min3&#x000D;&#x000A;motion_add&#x000D;&#x000A;motion_set&#x000D;&#x000A;mouse_check_button&#x000D;&#x000A;mouse_check_button_pressed&#x000D;&#x000A;mouse_check_button_released&#x000D;&#x000A;mouse_clear&#x000D;&#x000A;mouse_wait&#x000D;&#x000A;mouse_wheel_down&#x000D;&#x000A;mouse_wheel_up&#x000D;&#x000A;move_bounce&#x000D;&#x000A;move_bounce_all&#x000D;&#x000A;move_bounce_solid&#x000D;&#x000A;move_contact&#x000D;&#x000A;move_contact_all&#x000D;&#x000A;move_contact_solid&#x000D;&#x000A;move_outside_all&#x000D;&#x000A;move_outside_solid&#x000D;&#x000A;move_random&#x000D;&#x000A;move_random&#x000D;&#x000A;move_snap&#x000D;&#x000A;move_towards_point&#x000D;&#x000A;move_wrap&#x000D;&#x000A;mp_grid_add_cell&#x000D;&#x000A;mp_grid_add_instances&#x000D;&#x000A;mp_grid_add_rectangle&#x000D;&#x000A;mp_grid_clear_all&#x000D;&#x000A;mp_grid_clear_cell&#x000D;&#x000A;mp_grid_clear_rectangle&#x000D;&#x000A;mp_grid_create&#x000D;&#x000A;mp_grid_destroy&#x000D;&#x000A;mp_grid_draw&#x000D;&#x000A;mp_grid_path&#x000D;&#x000A;mp_linear_path&#x000D;&#x000A;mp_linear_path_object&#x000D;&#x000A;mp_linear_step&#x000D;&#x000A;mp_linear_step_object&#x000D;&#x000A;mp_potential_path&#x000D;&#x000A;mp_potential_path_object&#x000D;&#x000A;mp_potential_settings&#x000D;&#x000A;mp_potential_step&#x000D;&#x000A;mp_potential_step_object&#x000D;&#x000A;mplay_connect_status&#x000D;&#x000A;mplay_data_mode&#x000D;&#x000A;mplay_data_read&#x000D;&#x000A;mplay_data_write&#x000D;&#x000A;mplay_end&#x000D;&#x000A;mplay_init_ipx&#x000D;&#x000A;mplay_init_modem&#x000D;&#x000A;mplay_init_serial&#x000D;&#x000A;mplay_init_tcpip&#x000D;&#x000A;mplay_ipaddress&#x000D;&#x000A;mplay_message_clear&#x000D;&#x000A;mplay_message_count&#x000D;&#x000A;mplay_message_id&#x000D;&#x000A;mplay_message_name&#x000D;&#x000A;mplay_message_player&#x000D;&#x000A;mplay_message_receive&#x000D;&#x000A;mplay_message_send&#x000D;&#x000A;mplay_message_send_guaranteed&#x000D;&#x000A;mplay_message_value&#x000D;&#x000A;mplay_player_find&#x000D;&#x000A;mplay_player_id&#x000D;&#x000A;mplay_player_name&#x000D;&#x000A;mplay_session_create&#x000D;&#x000A;mplay_session_end&#x000D;&#x000A;mplay_session_find&#x000D;&#x000A;mplay_session_join&#x000D;&#x000A;mplay_session_mode&#x000D;&#x000A;mplay_session_name&#x000D;&#x000A;mplay_session_status&#x000D;&#x000A;object_add&#x000D;&#x000A;object_delete&#x000D;&#x000A;object_event_add&#x000D;&#x000A;object_event_clear&#x000D;&#x000A;object_exists&#x000D;&#x000A;object_get_depth&#x000D;&#x000A;object_get_mask&#x000D;&#x000A;object_get_name&#x000D;&#x000A;object_get_parent&#x000D;&#x000A;object_get_persistent&#x000D;&#x000A;object_get_solid&#x000D;&#x000A;object_get_sprite&#x000D;&#x000A;object_get_visible&#x000D;&#x000A;object_is_ancestor&#x000D;&#x000A;object_name&#x000D;&#x000A;object_set_depth&#x000D;&#x000A;object_set_mask&#x000D;&#x000A;object_set_parent&#x000D;&#x000A;object_set_persistent&#x000D;&#x000A;object_set_solid&#x000D;&#x000A;object_set_sprite&#x000D;&#x000A;object_set_visible&#x000D;&#x000A;ord&#x000D;&#x000A;parameter_count&#x000D;&#x000A;parameter_string&#x000D;&#x000A;part_attractor_clear&#x000D;&#x000A;part_attractor_create&#x000D;&#x000A;part_attractor_destroy&#x000D;&#x000A;part_attractor_destroy_all&#x000D;&#x000A;part_attractor_exists&#x000D;&#x000A;part_attractor_force&#x000D;&#x000A;part_attractor_position&#x000D;&#x000A;part_changer_clear&#x000D;&#x000A;part_changer_create&#x000D;&#x000A;part_changer_destroy&#x000D;&#x000A;part_changer_destroy_all&#x000D;&#x000A;part_changer_exists&#x000D;&#x000A;part_changer_kind&#x000D;&#x000A;part_changer_region&#x000D;&#x000A;part_changer_types&#x000D;&#x000A;part_deflector_clear&#x000D;&#x000A;part_deflector_create&#x000D;&#x000A;part_deflector_destroy&#x000D;&#x000A;part_deflector_destroy_all&#x000D;&#x000A;part_deflector_exists&#x000D;&#x000A;part_deflector_friction&#x000D;&#x000A;part_deflector_kind&#x000D;&#x000A;part_deflector_region&#x000D;&#x000A;part_destroyer_clear&#x000D;&#x000A;part_destroyer_create&#x000D;&#x000A;part_destroyer_destroy&#x000D;&#x000A;part_destroyer_destroy_all&#x000D;&#x000A;part_destroyer_exists&#x000D;&#x000A;part_destroyer_region&#x000D;&#x000A;part_emitter_burst&#x000D;&#x000A;part_emitter_clear&#x000D;&#x000A;part_emitter_create&#x000D;&#x000A;part_emitter_destroy&#x000D;&#x000A;part_emitter_destroy_all&#x000D;&#x000A;part_emitter_exists&#x000D;&#x000A;part_emitter_region&#x000D;&#x000A;part_emitter_stream&#x000D;&#x000A;part_particles_clear&#x000D;&#x000A;part_particles_count&#x000D;&#x000A;part_particles_create&#x000D;&#x000A;part_particles_create_color&#x000D;&#x000A;part_system_automatic_draw&#x000D;&#x000A;part_system_automatic_update&#x000D;&#x000A;part_system_clear&#x000D;&#x000A;part_system_create&#x000D;&#x000A;part_system_depth&#x000D;&#x000A;part_system_destroy&#x000D;&#x000A;part_system_draw_order&#x000D;&#x000A;part_system_drawit&#x000D;&#x000A;part_system_exists&#x000D;&#x000A;part_system_position&#x000D;&#x000A;part_system_update&#x000D;&#x000A;part_type_alpha&#x000D;&#x000A;part_type_alpha1&#x000D;&#x000A;part_type_alpha2&#x000D;&#x000A;part_type_alpha3&#x000D;&#x000A;part_type_blend&#x000D;&#x000A;part_type_clear&#x000D;&#x000A;part_type_color&#x000D;&#x000A;part_type_color1&#x000D;&#x000A;part_type_color2&#x000D;&#x000A;part_type_color3&#x000D;&#x000A;part_type_color_hsv&#x000D;&#x000A;part_type_color_mix&#x000D;&#x000A;part_type_color_rgb&#x000D;&#x000A;part_type_create&#x000D;&#x000A;part_type_death&#x000D;&#x000A;part_type_destroy&#x000D;&#x000A;part_type_direction&#x000D;&#x000A;part_type_exists&#x000D;&#x000A;part_type_gravity&#x000D;&#x000A;part_type_life&#x000D;&#x000A;part_type_orientation&#x000D;&#x000A;part_type_scale&#x000D;&#x000A;part_type_shape&#x000D;&#x000A;part_type_size&#x000D;&#x000A;part_type_speed&#x000D;&#x000A;part_type_sprite&#x000D;&#x000A;part_type_step&#x000D;&#x000A;path_add&#x000D;&#x000A;path_add_point&#x000D;&#x000A;path_append&#x000D;&#x000A;path_assign&#x000D;&#x000A;path_change_point&#x000D;&#x000A;path_clear_points&#x000D;&#x000A;path_delete&#x000D;&#x000A;path_delete_point&#x000D;&#x000A;path_duplicate&#x000D;&#x000A;path_end&#x000D;&#x000A;path_exists&#x000D;&#x000A;path_flip&#x000D;&#x000A;path_get_closed&#x000D;&#x000A;path_get_kind&#x000D;&#x000A;path_get_length&#x000D;&#x000A;path_get_name&#x000D;&#x000A;path_get_number&#x000D;&#x000A;path_get_point_speed&#x000D;&#x000A;path_get_point_x&#x000D;&#x000A;path_get_point_y&#x000D;&#x000A;path_get_precision&#x000D;&#x000A;path_get_speed&#x000D;&#x000A;path_get_x&#x000D;&#x000A;path_get_y&#x000D;&#x000A;path_insert_point&#x000D;&#x000A;path_mirror&#x000D;&#x000A;path_name&#x000D;&#x000A;path_reverse&#x000D;&#x000A;path_rotate&#x000D;&#x000A;path_scale&#x000D;&#x000A;path_set_closed&#x000D;&#x000A;path_set_kind&#x000D;&#x000A;path_set_precision&#x000D;&#x000A;path_shift&#x000D;&#x000A;path_start&#x000D;&#x000A;place_empty&#x000D;&#x000A;place_free&#x000D;&#x000A;place_meeting&#x000D;&#x000A;place_snapped&#x000D;&#x000A;point_direction&#x000D;&#x000A;point_distance&#x000D;&#x000A;position_change&#x000D;&#x000A;position_destroy&#x000D;&#x000A;position_empty&#x000D;&#x000A;position_meeting&#x000D;&#x000A;power&#x000D;&#x000A;radtodeg&#x000D;&#x000A;random&#x000D;&#x000A;random_get_seed&#x000D;&#x000A;random_range&#x000D;&#x000A;random_set_seed&#x000D;&#x000A;randomize&#x000D;&#x000A;real&#x000D;&#x000A;registry_exists&#x000D;&#x000A;registry_exists_ext&#x000D;&#x000A;registry_read_real&#x000D;&#x000A;registry_read_real_ext&#x000D;&#x000A;registry_read_string&#x000D;&#x000A;registry_read_string_ext&#x000D;&#x000A;registry_set_root&#x000D;&#x000A;registry_write_real&#x000D;&#x000A;registry_write_real_ext&#x000D;&#x000A;registry_write_string&#x000D;&#x000A;registry_write_string_ext&#x000D;&#x000A;room_add&#x000D;&#x000A;room_assign&#x000D;&#x000A;room_duplicate&#x000D;&#x000A;room_exists&#x000D;&#x000A;room_get_name&#x000D;&#x000A;room_goto&#x000D;&#x000A;room_goto_next&#x000D;&#x000A;room_goto_previous&#x000D;&#x000A;room_instance_add&#x000D;&#x000A;room_instance_clear&#x000D;&#x000A;room_name&#x000D;&#x000A;room_next&#x000D;&#x000A;room_previous&#x000D;&#x000A;room_restart&#x000D;&#x000A;room_set_background&#x000D;&#x000A;room_set_background_color&#x000D;&#x000A;room_set_caption&#x000D;&#x000A;room_set_code&#x000D;&#x000A;room_set_height&#x000D;&#x000A;room_set_persistent&#x000D;&#x000A;room_set_view&#x000D;&#x000A;room_set_view_enabled&#x000D;&#x000A;room_set_width&#x000D;&#x000A;room_tile_add&#x000D;&#x000A;room_tile_add_ext&#x000D;&#x000A;room_tile_clear&#x000D;&#x000A;round&#x000D;&#x000A;screen_redraw&#x000D;&#x000A;screen_refresh&#x000D;&#x000A;screen_save&#x000D;&#x000A;screen_save_part&#x000D;&#x000A;screen_wait_vsync&#x000D;&#x000A;script_execute&#x000D;&#x000A;script_exists&#x000D;&#x000A;script_get_name&#x000D;&#x000A;script_get_text&#x000D;&#x000A;script_name&#x000D;&#x000A;set_application_title&#x000D;&#x000A;set_automatic_draw&#x000D;&#x000A;set_program_priority&#x000D;&#x000A;set_synchronization&#x000D;&#x000A;show_debug_message&#x000D;&#x000A;show_error&#x000D;&#x000A;show_image&#x000D;&#x000A;show_info&#x000D;&#x000A;show_menu&#x000D;&#x000A;show_menu_pos&#x000D;&#x000A;show_message&#x000D;&#x000A;show_message&#x000D;&#x000A;show_message_ext&#x000D;&#x000A;show_question&#x000D;&#x000A;show_question&#x000D;&#x000A;show_text&#x000D;&#x000A;show_video&#x000D;&#x000A;sign&#x000D;&#x000A;sin&#x000D;&#x000A;sleep&#x000D;&#x000A;sound_3d_set_sound_cone&#x000D;&#x000A;sound_3d_set_sound_distance&#x000D;&#x000A;sound_3d_set_sound_position&#x000D;&#x000A;sound_3d_set_sound_velocity&#x000D;&#x000A;sound_add&#x000D;&#x000A;sound_background_tempo&#x000D;&#x000A;sound_delete&#x000D;&#x000A;sound_discard&#x000D;&#x000A;sound_effect_chorus&#x000D;&#x000A;sound_effect_compressor&#x000D;&#x000A;sound_effect_echo&#x000D;&#x000A;sound_effect_equalizer&#x000D;&#x000A;sound_effect_flanger&#x000D;&#x000A;sound_effect_gargle&#x000D;&#x000A;sound_effect_reverb&#x000D;&#x000A;sound_effect_set&#x000D;&#x000A;sound_exists&#x000D;&#x000A;sound_fade&#x000D;&#x000A;sound_get_kind&#x000D;&#x000A;sound_get_name&#x000D;&#x000A;sound_get_preload&#x000D;&#x000A;sound_global_volume&#x000D;&#x000A;sound_isplaying&#x000D;&#x000A;sound_loop&#x000D;&#x000A;sound_name&#x000D;&#x000A;sound_pan&#x000D;&#x000A;sound_play&#x000D;&#x000A;sound_replace&#x000D;&#x000A;sound_restore&#x000D;&#x000A;sound_set_search_directory&#x000D;&#x000A;sound_stop&#x000D;&#x000A;sound_stop_all&#x000D;&#x000A;sound_volume&#x000D;&#x000A;splash_set_adapt&#x000D;&#x000A;splash_set_border&#x000D;&#x000A;splash_set_caption&#x000D;&#x000A;splash_set_close_button&#x000D;&#x000A;splash_set_color&#x000D;&#x000A;splash_set_cursor&#x000D;&#x000A;splash_set_fullscreen&#x000D;&#x000A;splash_set_interrupt&#x000D;&#x000A;splash_set_main&#x000D;&#x000A;splash_set_position&#x000D;&#x000A;splash_set_scale&#x000D;&#x000A;splash_set_size&#x000D;&#x000A;splash_set_stop_key&#x000D;&#x000A;splash_set_stop_mouse&#x000D;&#x000A;splash_set_top&#x000D;&#x000A;splash_show_image&#x000D;&#x000A;splash_show_text&#x000D;&#x000A;splash_show_video&#x000D;&#x000A;splash_show_web&#x000D;&#x000A;sprite_add&#x000D;&#x000A;sprite_add_from_screen&#x000D;&#x000A;sprite_add_from_surface&#x000D;&#x000A;sprite_add_sprite&#x000D;&#x000A;sprite_assign&#x000D;&#x000A;sprite_collision_mask&#x000D;&#x000A;sprite_create_from_screen&#x000D;&#x000A;sprite_create_from_surface&#x000D;&#x000A;sprite_delete&#x000D;&#x000A;sprite_duplicate&#x000D;&#x000A;sprite_exists&#x000D;&#x000A;sprite_get_bbox_bottom&#x000D;&#x000A;sprite_get_bbox_left&#x000D;&#x000A;sprite_get_bbox_right&#x000D;&#x000A;sprite_get_bbox_top&#x000D;&#x000A;sprite_get_height&#x000D;&#x000A;sprite_get_name&#x000D;&#x000A;sprite_get_number&#x000D;&#x000A;sprite_get_texture&#x000D;&#x000A;sprite_get_width&#x000D;&#x000A;sprite_get_xoffset&#x000D;&#x000A;sprite_get_yoffset&#x000D;&#x000A;sprite_merge&#x000D;&#x000A;sprite_name&#x000D;&#x000A;sprite_replace&#x000D;&#x000A;sprite_replace_sprite&#x000D;&#x000A;sprite_save&#x000D;&#x000A;sprite_save_strip&#x000D;&#x000A;sprite_set_alpha_from_sprite&#x000D;&#x000A;sprite_set_offset&#x000D;&#x000A;sqr&#x000D;&#x000A;sqrt&#x000D;&#x000A;string&#x000D;&#x000A;string_char_at&#x000D;&#x000A;string_copy&#x000D;&#x000A;string_count&#x000D;&#x000A;string_delete&#x000D;&#x000A;string_digits&#x000D;&#x000A;string_format&#x000D;&#x000A;string_height&#x000D;&#x000A;string_height_ext&#x000D;&#x000A;string_insert&#x000D;&#x000A;string_length&#x000D;&#x000A;string_letters&#x000D;&#x000A;string_lettersdigits&#x000D;&#x000A;string_lower&#x000D;&#x000A;string_pos&#x000D;&#x000A;string_repeat&#x000D;&#x000A;string_replace&#x000D;&#x000A;string_replace_all&#x000D;&#x000A;string_upper&#x000D;&#x000A;string_width&#x000D;&#x000A;string_width_ext&#x000D;&#x000A;surface_copy&#x000D;&#x000A;surface_copy_part&#x000D;&#x000A;surface_create&#x000D;&#x000A;surface_exists&#x000D;&#x000A;surface_free&#x000D;&#x000A;surface_get_height&#x000D;&#x000A;surface_get_texture&#x000D;&#x000A;surface_get_width&#x000D;&#x000A;surface_getpixel&#x000D;&#x000A;surface_reset_target&#x000D;&#x000A;surface_save&#x000D;&#x000A;surface_save_part&#x000D;&#x000A;surface_set_target&#x000D;&#x000A;tan&#x000D;&#x000A;texture_exists&#x000D;&#x000A;texture_get_height&#x000D;&#x000A;texture_get_width&#x000D;&#x000A;texture_preload&#x000D;&#x000A;texture_set_blending&#x000D;&#x000A;texture_set_interpolation&#x000D;&#x000A;texture_set_priority&#x000D;&#x000A;texture_set_repeat&#x000D;&#x000A;tile_add&#x000D;&#x000A;tile_delete&#x000D;&#x000A;tile_delete_at&#x000D;&#x000A;tile_exists&#x000D;&#x000A;tile_find&#x000D;&#x000A;tile_get_alpha&#x000D;&#x000A;tile_get_background&#x000D;&#x000A;tile_get_blend&#x000D;&#x000A;tile_get_depth&#x000D;&#x000A;tile_get_height&#x000D;&#x000A;tile_get_left&#x000D;&#x000A;tile_get_top&#x000D;&#x000A;tile_get_visible&#x000D;&#x000A;tile_get_width&#x000D;&#x000A;tile_get_x&#x000D;&#x000A;tile_get_xscale&#x000D;&#x000A;tile_get_y&#x000D;&#x000A;tile_get_yscale&#x000D;&#x000A;tile_layer_delete&#x000D;&#x000A;tile_layer_delete_at&#x000D;&#x000A;tile_layer_depth&#x000D;&#x000A;tile_layer_find&#x000D;&#x000A;tile_layer_hide&#x000D;&#x000A;tile_layer_shift&#x000D;&#x000A;tile_layer_show&#x000D;&#x000A;tile_set_alpha&#x000D;&#x000A;tile_set_background&#x000D;&#x000A;tile_set_blend&#x000D;&#x000A;tile_set_depth&#x000D;&#x000A;tile_set_position&#x000D;&#x000A;tile_set_region&#x000D;&#x000A;tile_set_scale&#x000D;&#x000A;tile_set_visible&#x000D;&#x000A;timeline_add&#x000D;&#x000A;timeline_clear&#x000D;&#x000A;timeline_delete&#x000D;&#x000A;timeline_exists&#x000D;&#x000A;timeline_get_name&#x000D;&#x000A;timeline_moment_add&#x000D;&#x000A;timeline_moment_clear&#x000D;&#x000A;timeline_name&#x000D;&#x000A;transition_define&#x000D;&#x000A;transition_exists&#x000D;&#x000A;variable_global_array2_get&#x000D;&#x000A;variable_global_array2_set&#x000D;&#x000A;variable_global_array_get&#x000D;&#x000A;variable_global_array_set&#x000D;&#x000A;variable_global_exists&#x000D;&#x000A;variable_global_get&#x000D;&#x000A;variable_global_set&#x000D;&#x000A;variable_local_array2_get&#x000D;&#x000A;variable_local_array2_set&#x000D;&#x000A;variable_local_array_get&#x000D;&#x000A;variable_local_array_set&#x000D;&#x000A;variable_local_exists&#x000D;&#x000A;variable_local_get&#x000D;&#x000A;variable_local_set&#x000D;&#x000A;window_center&#x000D;&#x000A;window_default&#x000D;&#x000A;window_get_caption&#x000D;&#x000A;window_get_color&#x000D;&#x000A;window_get_cursor&#x000D;&#x000A;window_get_fullscreen&#x000D;&#x000A;window_get_height&#x000D;&#x000A;window_get_region_height&#x000D;&#x000A;window_get_region_scale&#x000D;&#x000A;window_get_region_width&#x000D;&#x000A;window_get_showborder&#x000D;&#x000A;window_get_showicons&#x000D;&#x000A;window_get_sizeable&#x000D;&#x000A;window_get_stayontop&#x000D;&#x000A;window_get_visible&#x000D;&#x000A;window_get_width&#x000D;&#x000A;window_get_x&#x000D;&#x000A;window_get_y&#x000D;&#x000A;window_handle&#x000D;&#x000A;window_mouse_get_x&#x000D;&#x000A;window_mouse_get_y&#x000D;&#x000A;window_mouse_set&#x000D;&#x000A;window_set_caption&#x000D;&#x000A;window_set_color&#x000D;&#x000A;window_set_cursor&#x000D;&#x000A;window_set_fullscreen&#x000D;&#x000A;window_set_position&#x000D;&#x000A;window_set_rectangle&#x000D;&#x000A;window_set_region_scale&#x000D;&#x000A;window_set_region_size&#x000D;&#x000A;window_set_showborder&#x000D;&#x000A;window_set_showicons&#x000D;&#x000A;window_set_size&#x000D;&#x000A;window_set_sizeable&#x000D;&#x000A;window_set_stayontop&#x000D;&#x000A;window_set_visible&#x000D;&#x000A;window_view_mouse_get_x&#x000D;&#x000A;window_view_mouse_get_y&#x000D;&#x000A;window_view_mouse_set&#x000D;&#x000A;window_views_mouse_get_x&#x000D;&#x000A;window_views_mouse_get_y&#x000D;&#x000A;window_views_mouse_set&#x000D;&#x000A;caster_error_message&#x000D;&#x000A;caster_error_occurred&#x000D;&#x000A;caster_free&#x000D;&#x000A;caster_get_panning&#x000D;&#x000A;caster_get_pitch&#x000D;&#x000A;caster_get_volume&#x000D;&#x000A;caster_is_playing&#x000D;&#x000A;caster_load&#x000D;&#x000A;caster_loop&#x000D;&#x000A;caster_pause&#x000D;&#x000A;caster_play&#x000D;&#x000A;caster_resume&#x000D;&#x000A;caster_set_panning&#x000D;&#x000A;caster_set_pitch&#x000D;&#x000A;caster_set_volume&#x000D;&#x000A;caster_stop&#x000D;&#x000A;caster_version&#x000D;&#x000A;keycode_down&#x000D;&#x000A;keycode_getchar&#x000D;&#x000A;keycode_getkeycode&#x000D;&#x000A;keycode_pressed&#x000D;&#x000A;keycode_released</Keywords>
            <Keywords name="Keywords8">#</Keywords>
            <Keywords name="Delimiters">00&apos; 00&quot; 01\ 02&apos; 02&quot; 03 04 05 06 07 08 09 10 11 12 13 14 15 16 17 18 19 20 21 22 23</Keywords>
        </KeywordLists>
        <Styles>
            <WordsStyle name="DEFAULT" fgColor="E9E9E9" bgColor="308BCF" fontName="" fontStyle="0" nesting="0" />
            <WordsStyle name="COMMENTS" fgColor="28AAC8" bgColor="FFFFFF" fontName="" fontStyle="0" nesting="0" />
            <WordsStyle name="LINE COMMENTS" fgColor="36BAB4" bgColor="FFFFFF" fontName="" fontStyle="0" nesting="0" />
            <WordsStyle name="NUMBERS" fgColor="BE6363" bgColor="FFFFFF" fontName="" fontStyle="0" nesting="0" />
            <WordsStyle name="KEYWORDS1" fgColor="28AAE6" bgColor="FFFFFF" fontName="" fontStyle="0" nesting="0" />
            <WordsStyle name="KEYWORDS2" fgColor="E7D350" bgColor="FFFFFF" fontName="" fontStyle="0" nesting="0" />
            <WordsStyle name="KEYWORDS3" fgColor="9646AA" bgColor="FFFFFF" fontName="" fontStyle="0" nesting="0" />
            <WordsStyle name="KEYWORDS4" fgColor="B74880" bgColor="FFFFFF" fontName="" fontStyle="0" nesting="0" />
            <WordsStyle name="KEYWORDS5" fgColor="FFFF00" bgColor="FFFFFF" fontName="" fontStyle="0" nesting="0" />
            <WordsStyle name="KEYWORDS6" fgColor="4A4AB5" bgColor="FFFFFF" fontName="" fontStyle="0" nesting="0" />
            <WordsStyle name="KEYWORDS7" fgColor="BE6363" bgColor="FFFFFF" fontName="" fontStyle="0" nesting="0" />
            <WordsStyle name="KEYWORDS8" fgColor="3D9D24" bgColor="FFFFFF" fontName="" fontStyle="0" nesting="0" />
            <WordsStyle name="OPERATORS" fgColor="4A55B5" bgColor="FFFFFF" fontName="" fontStyle="0" nesting="0" />
            <WordsStyle name="FOLDER IN CODE1" fgColor="000000" bgColor="FFFFFF" fontName="" fontStyle="0" nesting="0" />
            <WordsStyle name="FOLDER IN CODE2" fgColor="000000" bgColor="FFFFFF" fontName="" fontStyle="0" nesting="0" />
            <WordsStyle name="FOLDER IN COMMENT" fgColor="000000" bgColor="FFFFFF" fontName="" fontStyle="0" nesting="0" />
            <WordsStyle name="DELIMITERS1" fgColor="BE6363" bgColor="FFFFFF" fontName="" fontStyle="0" nesting="0" />
            <WordsStyle name="DELIMITERS2" fgColor="000000" bgColor="FFFFFF" fontName="" fontStyle="0" nesting="0" />
            <WordsStyle name="DELIMITERS3" fgColor="000000" bgColor="FFFFFF" fontName="" fontStyle="0" nesting="0" />
            <WordsStyle name="DELIMITERS4" fgColor="000000" bgColor="FFFFFF" fontName="" fontStyle="0" nesting="0" />
            <WordsStyle name="DELIMITERS5" fgColor="000000" bgColor="FFFFFF" fontName="" fontStyle="0" nesting="0" />
            <WordsStyle name="DELIMITERS6" fgColor="000000" bgColor="FFFFFF" fontName="" fontStyle="0" nesting="0" />
            <WordsStyle name="DELIMITERS7" fgColor="000000" bgColor="FFFFFF" fontName="" fontStyle="0" nesting="0" />
            <WordsStyle name="DELIMITERS8" fgColor="000000" bgColor="FFFFFF" fontName="" fontStyle="0" nesting="0" />
        </Styles>
    </UserLang>
    <UserLang name="Vortex" ext="vtx" udlVersion="2.1">
        <Settings>
            <Global caseIgnored="no" allowFoldOfComments="no" foldCompact="no" forcePureLC="0" decimalSeparator="0" />
            <Prefix Keywords1="no" Keywords2="no" Keywords3="no" Keywords4="no" Keywords5="no" Keywords6="yes" Keywords7="yes" Keywords8="yes" />
        </Settings>
        <KeywordLists>
            <Keywords name="Comments">00// 00; 01 02 03/* 04*/</Keywords>
            <Keywords name="Numbers, prefix1"></Keywords>
            <Keywords name="Numbers, prefix2"></Keywords>
            <Keywords name="Numbers, extras1"></Keywords>
            <Keywords name="Numbers, extras2"></Keywords>
            <Keywords name="Numbers, suffix1"></Keywords>
            <Keywords name="Numbers, suffix2"></Keywords>
            <Keywords name="Numbers, range"></Keywords>
            <Keywords name="Operators1">\ [ ] { } ( ) &lt; = &gt; &amp; | + - * / ! ~ , :</Keywords>
            <Keywords name="Operators2"></Keywords>
            <Keywords name="Folders in code1, open"></Keywords>
            <Keywords name="Folders in code1, middle"></Keywords>
            <Keywords name="Folders in code1, close"></Keywords>
            <Keywords name="Folders in code2, open"></Keywords>
            <Keywords name="Folders in code2, middle"></Keywords>
            <Keywords name="Folders in code2, close"></Keywords>
            <Keywords name="Folders in comment, open"></Keywords>
            <Keywords name="Folders in comment, middle"></Keywords>
            <Keywords name="Folders in comment, close"></Keywords>
            <Keywords name="Keywords1">include&#x000D;&#x000A;library&#x000D;&#x000A;struct&#x000D;&#x000A;ends&#x000D;&#x000A;section&#x000D;&#x000A;format&#x000D;&#x000A;entry&#x000D;&#x000A;data&#x000D;&#x000A;readable&#x000D;&#x000A;writeable&#x000D;&#x000A;executable&#x000D;&#x000A;code&#x000D;&#x000A;import&#x000D;&#x000A;</Keywords>
            <Keywords name="Keywords2">EAX&#x000D;&#x000A;ECX&#x000D;&#x000A;EDX&#x000D;&#x000A;EBX&#x000D;&#x000A;ESP&#x000D;&#x000A;EBP&#x000D;&#x000A;ESI&#x000D;&#x000A;EDI&#x000D;&#x000A;AX&#x000D;&#x000A;CX&#x000D;&#x000A;DX&#x000D;&#x000A;BX&#x000D;&#x000A;SP&#x000D;&#x000A;BP&#x000D;&#x000A;SI&#x000D;&#x000A;DI&#x000D;&#x000A;AH&#x000D;&#x000A;AL&#x000D;&#x000A;CH&#x000D;&#x000A;CL&#x000D;&#x000A;DH&#x000D;&#x000A;DL&#x000D;&#x000A;BH&#x000D;&#x000A;BL&#x000D;&#x000A;&#x000D;&#x000A;eax&#x000D;&#x000A;ecx&#x000D;&#x000A;edx&#x000D;&#x000A;ebx&#x000D;&#x000A;esp&#x000D;&#x000A;ebp&#x000D;&#x000A;esi&#x000D;&#x000A;edi&#x000D;&#x000A;ax&#x000D;&#x000A;cx&#x000D;&#x000A;dx&#x000D;&#x000A;bx&#x000D;&#x000A;sp&#x000D;&#x000A;bp&#x000D;&#x000A;si&#x000D;&#x000A;di&#x000D;&#x000A;ah&#x000D;&#x000A;al&#x000D;&#x000A;ch&#x000D;&#x000A;cl&#x000D;&#x000A;dh&#x000D;&#x000A;dl&#x000D;&#x000A;bh&#x000D;&#x000A;bl&#x000D;&#x000A;</Keywords>
            <Keywords name="Keywords3">AAA&#x000D;&#x000A;AAD&#x000D;&#x000A;AAM&#x000D;&#x000A;AAS&#x000D;&#x000A;ADC&#x000D;&#x000A;ADD&#x000D;&#x000A;AND&#x000D;&#x000A;CALL&#x000D;&#x000A;CBW&#x000D;&#x000A;CLC&#x000D;&#x000A;CLD&#x000D;&#x000A;CLI&#x000D;&#x000A;CMC&#x000D;&#x000A;CMP&#x000D;&#x000A;CMPSB&#x000D;&#x000A;CMPSW&#x000D;&#x000A;CWD&#x000D;&#x000A;DAA&#x000D;&#x000A;DAS&#x000D;&#x000A;DEC&#x000D;&#x000A;DIV&#x000D;&#x000A;ESC&#x000D;&#x000A;HLT&#x000D;&#x000A;IDIV&#x000D;&#x000A;IMUL&#x000D;&#x000A;IN&#x000D;&#x000A;INC&#x000D;&#x000A;INT&#x000D;&#x000A;INTO&#x000D;&#x000A;IRET&#x000D;&#x000A;Jcc&#x000D;&#x000A;JA&#x000D;&#x000A;JAE&#x000D;&#x000A;JB&#x000D;&#x000A;JBE&#x000D;&#x000A;JC&#x000D;&#x000A;JE&#x000D;&#x000A;JG&#x000D;&#x000A;JGE&#x000D;&#x000A;JL&#x000D;&#x000A;JLE&#x000D;&#x000A;JNA&#x000D;&#x000A;JNAE&#x000D;&#x000A;JNB&#x000D;&#x000A;JNBE&#x000D;&#x000A;JNC&#x000D;&#x000A;JNE&#x000D;&#x000A;JNG&#x000D;&#x000A;JNGE&#x000D;&#x000A;JNL&#x000D;&#x000A;JNLE&#x000D;&#x000A;JNO&#x000D;&#x000A;JNP&#x000D;&#x000A;JNS&#x000D;&#x000A;JNZ&#x000D;&#x000A;JO&#x000D;&#x000A;JP&#x000D;&#x000A;JPE&#x000D;&#x000A;JPO&#x000D;&#x000A;JS&#x000D;&#x000A;JZ&#x000D;&#x000A;JCXZ&#x000D;&#x000A;JMP&#x000D;&#x000A;LAHF&#x000D;&#x000A;LDS&#x000D;&#x000A;LEA&#x000D;&#x000A;LES&#x000D;&#x000A;LOCK&#x000D;&#x000A;LODSB&#x000D;&#x000A;LODSW&#x000D;&#x000A;LOOP&#x000D;&#x000A;LOOPE&#x000D;&#x000A;LOOPNE&#x000D;&#x000A;LOOPNZ&#x000D;&#x000A;LOOPZ&#x000D;&#x000A;MOV&#x000D;&#x000A;MOVSB&#x000D;&#x000A;MOVSW&#x000D;&#x000A;MUL&#x000D;&#x000A;NEG&#x000D;&#x000A;NOP&#x000D;&#x000A;NOT&#x000D;&#x000A;OR&#x000D;&#x000A;OUT&#x000D;&#x000A;POP&#x000D;&#x000A;POPF&#x000D;&#x000A;PUSH&#x000D;&#x000A;PUSHF&#x000D;&#x000A;RCL&#x000D;&#x000A;RCR&#x000D;&#x000A;REP&#x000D;&#x000A;REPE&#x000D;&#x000A;REPNE&#x000D;&#x000A;REPNZ&#x000D;&#x000A;REPZ&#x000D;&#x000A;RET&#x000D;&#x000A;RETN&#x000D;&#x000A;RETF&#x000D;&#x000A;ROL&#x000D;&#x000A;ROR&#x000D;&#x000A;SAHF&#x000D;&#x000A;SAL&#x000D;&#x000A;SAR&#x000D;&#x000A;SBB&#x000D;&#x000A;SCASB&#x000D;&#x000A;SCASW&#x000D;&#x000A;SHL&#x000D;&#x000A;SHR&#x000D;&#x000A;STC&#x000D;&#x000A;STD&#x000D;&#x000A;STI&#x000D;&#x000A;STOSB&#x000D;&#x000A;STOSW&#x000D;&#x000A;SUB&#x000D;&#x000A;TEST&#x000D;&#x000A;WAIT&#x000D;&#x000A;XCHG&#x000D;&#x000A;XLAT&#x000D;&#x000A;XOR&#x000D;&#x000A;&#x000D;&#x000A;aaa&#x000D;&#x000A;aad&#x000D;&#x000A;aam&#x000D;&#x000A;aas&#x000D;&#x000A;adc&#x000D;&#x000A;add&#x000D;&#x000A;and&#x000D;&#x000A;call&#x000D;&#x000A;cbw&#x000D;&#x000A;clc&#x000D;&#x000A;cld&#x000D;&#x000A;cli&#x000D;&#x000A;cmc&#x000D;&#x000A;cmp&#x000D;&#x000A;cmpsb&#x000D;&#x000A;cmpsw&#x000D;&#x000A;cwd&#x000D;&#x000A;daa&#x000D;&#x000A;das&#x000D;&#x000A;dec&#x000D;&#x000A;div&#x000D;&#x000A;esc&#x000D;&#x000A;hlt&#x000D;&#x000A;idiv&#x000D;&#x000A;imul&#x000D;&#x000A;in&#x000D;&#x000A;inc&#x000D;&#x000A;int&#x000D;&#x000A;into&#x000D;&#x000A;iret&#x000D;&#x000A;jcc&#x000D;&#x000A;ja&#x000D;&#x000A;jae&#x000D;&#x000A;jb&#x000D;&#x000A;jbe&#x000D;&#x000A;jc&#x000D;&#x000A;je&#x000D;&#x000A;jg&#x000D;&#x000A;jge&#x000D;&#x000A;jl&#x000D;&#x000A;jle&#x000D;&#x000A;jna&#x000D;&#x000A;jnae&#x000D;&#x000A;jnb&#x000D;&#x000A;jnbe&#x000D;&#x000A;jnc&#x000D;&#x000A;jne&#x000D;&#x000A;jng&#x000D;&#x000A;jnge&#x000D;&#x000A;jnl&#x000D;&#x000A;jnle&#x000D;&#x000A;jno&#x000D;&#x000A;jnp&#x000D;&#x000A;jns&#x000D;&#x000A;jnz&#x000D;&#x000A;jo&#x000D;&#x000A;jp&#x000D;&#x000A;jpe&#x000D;&#x000A;jpo&#x000D;&#x000A;js&#x000D;&#x000A;jz&#x000D;&#x000A;jcxz&#x000D;&#x000A;jmp&#x000D;&#x000A;lahf&#x000D;&#x000A;lds&#x000D;&#x000A;lea&#x000D;&#x000A;les&#x000D;&#x000A;lock&#x000D;&#x000A;lodsb&#x000D;&#x000A;lodsw&#x000D;&#x000A;loop&#x000D;&#x000A;loope&#x000D;&#x000A;loopne&#x000D;&#x000A;loopnz&#x000D;&#x000A;loopz&#x000D;&#x000A;mov&#x000D;&#x000A;movsb&#x000D;&#x000A;movsw&#x000D;&#x000A;mul&#x000D;&#x000A;neg&#x000D;&#x000A;nop&#x000D;&#x000A;not&#x000D;&#x000A;or&#x000D;&#x000A;out&#x000D;&#x000A;pop&#x000D;&#x000A;popf&#x000D;&#x000A;push&#x000D;&#x000A;pushf&#x000D;&#x000A;rcl&#x000D;&#x000A;rcr&#x000D;&#x000A;rep&#x000D;&#x000A;repe&#x000D;&#x000A;repne&#x000D;&#x000A;repnz&#x000D;&#x000A;repz&#x000D;&#x000A;ret&#x000D;&#x000A;retn&#x000D;&#x000A;retf&#x000D;&#x000A;rol&#x000D;&#x000A;ror&#x000D;&#x000A;sahf&#x000D;&#x000A;sal&#x000D;&#x000A;sar&#x000D;&#x000A;sbb&#x000D;&#x000A;scasb&#x000D;&#x000A;scasw&#x000D;&#x000A;shl&#x000D;&#x000A;shr&#x000D;&#x000A;stc&#x000D;&#x000A;std&#x000D;&#x000A;sti&#x000D;&#x000A;stosb&#x000D;&#x000A;stosw&#x000D;&#x000A;sub&#x000D;&#x000A;test&#x000D;&#x000A;wait&#x000D;&#x000A;xchg&#x000D;&#x000A;xlat&#x000D;&#x000A;xor&#x000D;&#x000A;movzx&#x000D;&#x000A;movsx&#x000D;&#x000A;&#x000D;&#x000A;pusha&#x000D;&#x000A;popa&#x000D;&#x000A;&#x000D;&#x000A;PUSHAD&#x000D;&#x000A;POPAD&#x000D;&#x000A;</Keywords>
            <Keywords name="Keywords4">dd&#x000D;&#x000A;db&#x000D;&#x000A;&#x000D;&#x000A;</Keywords>
            <Keywords name="Keywords5">NULL</Keywords>
            <Keywords name="Keywords6">$</Keywords>
            <Keywords name="Keywords7">@</Keywords>
            <Keywords name="Keywords8">%</Keywords>
            <Keywords name="Delimiters">00&apos; 00&quot; 01 02&apos; 02&quot; 03 04 05 06 07 08 09 10 11 12 13 14 15 16 17 18 19 20 21 22 23</Keywords>
        </KeywordLists>
        <Styles>
            <WordsStyle name="DEFAULT" fgColor="FFFFFF" bgColor="FFFFFF" fontName="" fontStyle="0" nesting="0" />
            <WordsStyle name="COMMENTS" fgColor="00FFFF" bgColor="FFFFFF" fontName="" fontStyle="0" nesting="0" />
            <WordsStyle name="LINE COMMENTS" fgColor="00FFFF" bgColor="FFFFFF" fontName="" fontStyle="0" nesting="0" />
            <WordsStyle name="NUMBERS" fgColor="E03434" bgColor="FFFFFF" fontName="" fontStyle="0" nesting="0" />
            <WordsStyle name="KEYWORDS1" fgColor="D6D19A" bgColor="FFFFFF" fontName="" fontStyle="0" nesting="0" />
            <WordsStyle name="KEYWORDS2" fgColor="E69646" bgColor="FFFFFF" fontName="" fontStyle="0" nesting="0" />
            <WordsStyle name="KEYWORDS3" fgColor="139DE8" bgColor="FFFFFF" fontName="" fontStyle="0" nesting="0" />
            <WordsStyle name="KEYWORDS4" fgColor="8C8C8C" bgColor="FFFFFF" fontName="" fontStyle="0" nesting="0" />
            <WordsStyle name="KEYWORDS5" fgColor="BA1B1B" bgColor="FFFFFF" fontName="" fontStyle="0" nesting="0" />
            <WordsStyle name="KEYWORDS6" fgColor="F0F078" bgColor="FFFFFF" fontName="" fontStyle="0" nesting="0" />
            <WordsStyle name="KEYWORDS7" fgColor="9646AA" bgColor="FFFFFF" fontName="" fontStyle="0" nesting="0" />
            <WordsStyle name="KEYWORDS8" fgColor="28AAE6" bgColor="FFFFFF" fontName="" fontStyle="0" nesting="0" />
            <WordsStyle name="OPERATORS" fgColor="3C46DC" bgColor="FFFFFF" fontName="" fontStyle="0" nesting="0" />
            <WordsStyle name="FOLDER IN CODE1" fgColor="000000" bgColor="FFFFFF" fontName="" fontStyle="0" nesting="0" />
            <WordsStyle name="FOLDER IN CODE2" fgColor="000000" bgColor="FFFFFF" fontName="" fontStyle="0" nesting="0" />
            <WordsStyle name="FOLDER IN COMMENT" fgColor="000000" bgColor="FFFFFF" fontName="" fontStyle="0" nesting="0" />
            <WordsStyle name="DELIMITERS1" fgColor="DD3737" bgColor="FFFFFF" fontName="" fontStyle="0" nesting="0" />
            <WordsStyle name="DELIMITERS2" fgColor="000000" bgColor="FFFFFF" fontName="" fontStyle="0" nesting="0" />
            <WordsStyle name="DELIMITERS3" fgColor="000000" bgColor="FFFFFF" fontName="" fontStyle="0" nesting="0" />
            <WordsStyle name="DELIMITERS4" fgColor="000000" bgColor="FFFFFF" fontName="" fontStyle="0" nesting="0" />
            <WordsStyle name="DELIMITERS5" fgColor="000000" bgColor="FFFFFF" fontName="" fontStyle="0" nesting="0" />
            <WordsStyle name="DELIMITERS6" fgColor="000000" bgColor="FFFFFF" fontName="" fontStyle="0" nesting="0" />
            <WordsStyle name="DELIMITERS7" fgColor="000000" bgColor="FFFFFF" fontName="" fontStyle="0" nesting="0" />
            <WordsStyle name="DELIMITERS8" fgColor="000000" bgColor="FFFFFF" fontName="" fontStyle="0" nesting="0" />
        </Styles>
    </UserLang>
</NotepadPlus>
